[2026-07-11T05:50:22.303Z] GET https://www.bing.com/search?q=%22Order+No.+182%2C101%22+mobile+food+facility+sfpublicworks → 200 (336ms, ?B)
[2026-07-11T05:50:22.662Z] GET https://r.bing.com/rs/5T/4A/cc,nc/dHh0YRAf6hmaCYSPwqut3Z1i8AA.css?or=w → 200 (309ms, 1158B)
[2026-07-11T05:50:22.662Z] GET https://r.bing.com/rs/5T/4d/cc,nc/SfR2Wg95CO-qcoM_waKy0GTC1lA.css?or=w → 200 (378ms, 1728B)
[2026-07-11T05:50:22.663Z] GET https://r.bing.com/rs/4/10/cc,nc/HRXc0Ol4mny16Z0L2YjjdOUNhJI.css?or=w → 200 (408ms, 1356B)
[2026-07-11T05:50:22.663Z] GET https://r.bing.com/rs/4/14/cc,nc/XY1jJ6klaUWi4F3_c_4HR_oQdGE.css?or=w → 200 (408ms, 1170B)
[2026-07-11T05:50:22.663Z] GET https://r.bing.com/rs/4/18/cc,nc/m6GZivkZTxxG1Uz__10V98VUSi0.css?or=w → 200 (368ms, 1190B)
[2026-07-11T05:50:22.663Z] GET https://r.bing.com/rs/4/1o/cc,nc/dpaXuSJlaIdMQpQGH2UEsBGB_W0.css?or=w → 200 (352ms, 1201B)
[2026-07-11T05:50:22.664Z] GET https://r.bing.com/rs/4/g4/cc,nc/KGkGR9O_9-_z3gmjZgc_n5ed54k.css?or=w → 200 (312ms, 1163B)
[2026-07-11T05:50:22.664Z] GET https://r.bing.com/rs/4/gG/cc,nc/ra8pg6BSE7Mw5MI3_aBRhW_HwtM.css?or=w → 200 (368ms, 1177B)
[2026-07-11T05:50:22.664Z] GET https://r.bing.com/rs/4/gI/cc,nc/zSceO6IS0K6V2RMeAWIyJ9FAPvg.css?or=w → 200 (369ms, 1278B)
[2026-07-11T05:50:22.664Z] GET https://r.bing.com/rs/4/gO/cc,nc/4R7adfHf6e8rieniGCddPNsyHBI.css?or=w → 200 (373ms, 1290B)
[2026-07-11T05:50:22.664Z] GET https://r.bing.com/rs/4/jA/cc,nc/RkpQSVjJoNS307YmBaqAKKAl5eM.css?or=w → 200 (374ms, 1237B)
[2026-07-11T05:50:22.664Z] GET https://r.bing.com/rp/mMJ0CUkwyy0mI6mvMF0oBcc6tts.br.css → 200 (374ms, 808B)
[2026-07-11T05:50:22.670Z] GET https://r.bing.com/rb/5V/cc,nc/v-ink1ufdbbEmWQ3BU82QC8scyg.css?bu=AZ8L&or=w → 200 (305ms, 1836B)
[2026-07-11T05:50:22.671Z] GET https://r.bing.com/rb/5V/cc,nc/wlO4TSp30X_-acjYhMjsnKH_mJ8.css?bu=IW9vxQfzB2-DCKoI8Aj3CIoJb2-tCtYN7Q1v1w6KEG9vqA6rBK4Eb1GWAcEDb5savhpvb7wD&or=w → 200 (369ms, 7816B)
[2026-07-11T05:50:22.671Z] GET https://r.bing.com/rp/vphmvifmlDJFSop-XZMQJ_Z4Ji4.br.css → 200 (311ms, 963B)
[2026-07-11T05:50:22.671Z] GET https://r.bing.com/rb/5V/cir3,cc,nc/_WeO6r560kiNZaD3TmGh9SA1QdQ.css?bu=EI8RihLYEuISnROaFPMU-RTxFb8VxhKrEW-bFW-MFQ&or=w → 200 (349ms, 4189B)
[2026-07-11T05:50:22.671Z] GET https://r.bing.com/rs/5T/3d/cc,nc/SxXkarLThNItIjv1QYI-2ahPJZk.css?or=w → 200 (312ms, 1450B)
[2026-07-11T05:50:22.671Z] GET https://r.bing.com/rb/5T/cir3,cc,nc/eibzzB2zwLwuwRCjCZ8a25Btxts.css?bu=BdcVtBX1Fe8WhQE&or=w → 200 (349ms, 4489B)
[2026-07-11T05:50:22.671Z] GET https://r.bing.com/rs/5T/Lv/cc,nc/OiTx_w5ZPNmrXxBD0baM1zXSrbM.css?or=w → 200 (400ms, 1288B)
[2026-07-11T05:50:22.671Z] GET https://r.bing.com/rp/sYefotpYMNWzb_He9_CKuZS3Nug.br.css → 200 (353ms, 750B)
[2026-07-11T05:50:22.671Z] GET https://r.bing.com/rp/aWcvNmbBScgv7y8smTMInr1pX1k.br.css → 200 (460ms, 728B)
[2026-07-11T05:50:22.671Z] GET https://r.bing.com/rp/LO6hIQzlpxp11-mqop5V-O7yr4A.br.css → 200 (460ms, 962B)
[2026-07-11T05:50:22.671Z] GET https://r.bing.com/rs/5T/LC/cc,nc/FoC2MBMceIs80cUahTdIUje4-Mk.css?or=w → 200 (443ms, 1953B)
[2026-07-11T05:50:22.672Z] GET https://r.bing.com/rp/LUPlDdMK7UC0ozX7r78lkD892sc.br.css → 200 (459ms, 717B)
[2026-07-11T05:50:22.672Z] GET https://r.bing.com/rs/5T/bj/cc,nc/dasqSyz63ykXo1rNdXhKeVgJuLE.css?or=w → 200 (401ms, 1799B)
[2026-07-11T05:50:22.672Z] GET https://r.bing.com/rb/5T/cir3,cc,nc/YOQWLL8b80COTRaRTUsUgyMu24A.css?bu=ApMYrxg&or=w → 200 (398ms, 2884B)
[2026-07-11T05:50:22.672Z] GET https://r.bing.com/rp/4PNPeKhdkXroGBUF4pWtVwUpXZg.br.css → 200 (468ms, 1119B)
[2026-07-11T05:50:22.672Z] GET https://r.bing.com/rp/wo6buArPgY0EkkAhbMc7EoHe4fQ.br.css → 200 (468ms, 986B)
[2026-07-11T05:50:22.672Z] GET https://r.bing.com/rs/5T/1r8/cc,nc/cQK6YehKAp_nCVfrmuIKwRzzWMc.css?or=w → 200 (468ms, 1446B)
[2026-07-11T05:50:22.672Z] GET https://r.bing.com/rs/2G/N/cc,nc/HUEH797DIe8z-cwNfE6VHV9W4FI.css?or=w → 200 (468ms, 1886B)
[2026-07-11T05:50:22.672Z] GET https://r.bing.com/rs/4s/h1/cc,nc/-uwPpvSfLsFhfo2sT-v3U1uH3Xo.css?or=w → 200 (459ms, 2241B)
[2026-07-11T05:50:22.672Z] GET https://r.bing.com/rp/wczR3URZR4-oWjjc5idYK8_hr54.br.css → 200 (459ms, 994B)
[2026-07-11T05:50:22.672Z] GET https://r.bing.com/rp/QA01mMR8jFPRQt-lGbR2aB5c8N8.br.css → 200 (459ms, 891B)
[2026-07-11T05:50:22.672Z] GET https://r.bing.com/rs/5T/1mP/cc,nc/pHmOVEqTZHoRq6L52AVyBujQxGU.css?or=w → 200 (502ms, 1471B)
[2026-07-11T05:50:22.672Z] GET https://r.bing.com/rs/5T/1md/cc,nc/9FNAH2FDxWtpqARABkKgIPJjKX0.css?or=w → 200 (500ms, 1482B)
[2026-07-11T05:50:22.672Z] GET https://r.bing.com/rs/5T/1hL/cc,nc/d3MKWhpO9CLwpaouWQFhEfFRkC4.css?or=w → 200 (499ms, 1487B)
[2026-07-11T05:50:22.673Z] GET https://r.bing.com/rs/5T/1hz/cir3,cc,nc/lANMik3NlfVUQCBcZ3iigLENyxc.css?or=w → 200 (495ms, 2024B)
[2026-07-11T05:50:22.673Z] GET https://r.bing.com/rs/5T/1hR/cir3,cc,nc/bmw-a2aAilQKEULUrrp-mZjCL20.css?or=w → 200 (499ms, 1561B)
[2026-07-11T05:50:22.673Z] GET https://r.bing.com/rs/5T/pp/cir3,cc,nc/uo8l_8vMv_prnO2OFOIn62NKK9I.css?or=w → 200 (493ms, 1157B)
[2026-07-11T05:50:22.673Z] GET https://r.bing.com/rs/5T/1lQ/cc,nc/vz6dRcgrs5SJNxKwOJOuzho628c.css?or=w → 200 (467ms, 1436B)
[2026-07-11T05:50:22.673Z] GET https://r.bing.com/rp/sd09ZoqYFtYgki8gbUcaMRzc1N4.br.css → 200 (474ms, 695B)
[2026-07-11T05:50:22.673Z] GET https://r.bing.com/rp/FKS192HHDePhRBlTY1nt1-W0c_Q.br.css → 200 (523ms, 1045B)
[2026-07-11T05:50:22.673Z] GET https://www.bing.com/rp/G4zs3GwQ49RV2fotjF7gr1LGo2k.br.js → 200 (83ms, 15783B)
[2026-07-11T05:50:22.673Z] GET https://r.bing.com/rp/b0wb-PPG5V2NYLlQshXcY-UkPwk.br.js → 200 (386ms, 10459B)
[2026-07-11T05:50:22.685Z] GET https://r.bing.com/rs/4/7/cc,nc/subLxTb7u3F7TIT50B66H1QD28I.css?or=w → 200 (510ms, 1238B)
[2026-07-11T05:50:22.693Z] GET https://r.bing.com/rs/4/e/cc,nc/wgFVGa7g8sfe_ycPGGR-qspJzv8.css?or=w → 200 (481ms, 1195B)
[2026-07-11T05:50:22.693Z] GET https://r.bing.com/rs/4/o/cc,nc/XNzamTTrJtRNh2HS09eCNoFGHk4.css?or=w → 200 (502ms, 1264B)
[2026-07-11T05:50:22.693Z] GET https://r.bing.com/rs/4/W/cc,nc/X4bDwurSJyqY-DKKAjIsTHBDoGw.css?or=w → 200 (495ms, 1683B)
[2026-07-11T05:50:22.693Z] GET https://r.bing.com/rs/4/Y/cc,nc/cUG38_RNQ36D7zDaC9NTOlMu83w.css?or=w → 200 (479ms, 1170B)
[2026-07-11T05:50:22.693Z] GET https://r.bing.com/rs/4/6e/cc,nc/nI08w6N8jhrY2wDSytZ2AC7UgSA.css?or=w → 200 (481ms, 1707B)
[2026-07-11T05:50:22.693Z] GET https://r.bing.com/rs/4/6i/cc,nc/2JbRhA4tc8Dwn6W_bLgFHDTDo1o.css?or=w → 200 (481ms, 1337B)
[2026-07-11T05:50:22.694Z] GET https://r.bing.com/rs/4/6s/cc,nc/_ugksdJLaoxUEvsa8alT4BTM5NI.css?or=w → 200 (514ms, 2238B)
[2026-07-11T05:50:22.694Z] GET https://r.bing.com/rs/4/6Y/cc,nc/1NXA4uXFrexLs_h5hFOoFwCXQvE.css?or=w → 200 (514ms, 1600B)
[2026-07-11T05:50:22.694Z] GET https://r.bing.com/rs/4/fU/cc,nc/mcCrZWz3NY5gjJewmcPIkLZ3h5c.css?or=w → 200 (511ms, 1224B)
[2026-07-11T05:50:22.694Z] GET https://r.bing.com/rs/4/fY/cc,nc/DqyoN9ve4F95kcuTmzWN4ugdtaY.css?or=w → 200 (504ms, 1608B)
[2026-07-11T05:50:22.694Z] GET https://r.bing.com/rs/4/g2/cc,nc/aQpM49nLjBZOa7Hv5tE5F2T06y4.css?or=w → 200 (503ms, 1168B)
[2026-07-11T05:50:22.694Z] GET https://r.bing.com/rs/4/g8/cc,nc/Gi5outXoe5_J3R_zgxEjzv9uu7o.css?or=w → 200 (503ms, 1180B)
[2026-07-11T05:50:22.694Z] GET https://r.bing.com/rs/4/ga/cc,nc/V-vQwNTizuJEc03TGIkO2Lja8Xg.css?or=w → 200 (502ms, 1208B)
[2026-07-11T05:50:22.695Z] GET https://r.bing.com/rs/4/gk/cc,nc/nhGxCCiZWVyh7cmBIQhGY2zde7o.css?or=w → 200 (502ms, 1292B)
[2026-07-11T05:50:22.695Z] GET https://r.bing.com/rs/4/gA/cc,nc/2ms6PozTyQH0w_c-77AHT7rZZfI.css?or=w → 200 (534ms, 1259B)
[2026-07-11T05:50:22.696Z] GET https://r.bing.com/rs/4/mG/cc,nc/x49L2j72FppcfdX2pwL2vqpnObg.css?or=w → 200 (533ms, 1462B)
[2026-07-11T05:50:22.696Z] GET https://r.bing.com/rs/4/mI/cc,nc/SMoyWwBk7AmKoO-r86uLLL9IdgU.css?or=w → 200 (531ms, 1384B)
[2026-07-11T05:50:22.697Z] GET https://r.bing.com/rs/4/mO/cc,nc/c3lIa0HUZaz7XLMDar_ubnie80g.css?or=w → 200 (529ms, 1698B)
[2026-07-11T05:50:22.697Z] GET https://r.bing.com/rs/4/ns/cc,nc/NuLs3-4BKxHwNxeEOvcShsTFH6Y.css?or=w → 200 (513ms, 1692B)
[2026-07-11T05:50:22.697Z] GET https://r.bing.com/rs/4/xe/cc,nc/qKG05WI44bkdWuSvR64m-KDTmgY.css?or=w → 200 (512ms, 1376B)
[2026-07-11T05:50:22.697Z] GET https://r.bing.com/rs/4/xg/cc,nc/kuNkCBJ8oJzWc4USu6ZS8EBn5JA.css?or=w → 200 (511ms, 1593B)
[2026-07-11T05:50:22.697Z] GET https://r.bing.com/rs/5T/4D/cc,nc/VZoFV9s35xjYakNRNUAa5xixDmY.css?or=w → 200 (509ms, 1410B)
[2026-07-11T05:50:22.697Z] GET https://r.bing.com/rp/d1CTdFN2PzYdPJfj02hT834p0CA.br.css → 200 (539ms, 695B)
[2026-07-11T05:50:22.698Z] GET https://r.bing.com/rp/RuJsq8eAYqkavNQ_kj9tyr6ZZ4U.br.css → 200 (537ms, 669B)
[2026-07-11T05:50:22.699Z] GET https://r.bing.com/rp/jtpxBePsvUFmTZwzC-m3R5yrkho.br.css → 200 (274ms, 1580B)
[2026-07-11T05:50:22.700Z] GET https://r.bing.com/rp/ePcj8EzRbToipkYHrdWvAv_CReY.br.css → 200 (535ms, 814B)
[2026-07-11T05:50:22.701Z] GET https://r.bing.com/rp/pOT5RmYJAe2Oo_7Nsf7nd3HvIjU.br.css → 200 (533ms, 667B)
[2026-07-11T05:50:22.701Z] GET https://r.bing.com/rp/r1W3Us9sqNEEDTV-z9ivBVemdOs.br.css → 200 (532ms, 808B)
[2026-07-11T05:50:22.701Z] GET https://r.bing.com/rp/rcJx5DodqqK-wxOI4K71tEgPVuE.br.css → 200 (531ms, 746B)
[2026-07-11T05:50:22.701Z] GET https://r.bing.com/rb/4Q/cc,nc/J_tUzBdnrg-qe7OZGXNsVKq_YLY.css?bu=AqoRvRE&or=w → 200 (530ms, 2720B)
[2026-07-11T05:50:22.702Z] GET https://r.bing.com/rs/4J/y/cc,nc/lc44kvJbSFClgrui80iLCiq6wS0.css?or=w → 200 (551ms, 2005B)
[2026-07-11T05:50:22.702Z] GET https://r.bing.com/rs/4e/eG/cc,nc/-G_YKFrphkyl83D0HTgpMefXo7c.css?or=w → 200 (528ms, 1403B)
[2026-07-11T05:50:22.703Z] GET https://r.bing.com/rs/4e/fS/cc,nc/Md9t-VwqRroJrBwvmyQ1fJJEXqQ.css?or=w → 200 (553ms, 1569B)
[2026-07-11T05:50:22.703Z] GET https://r.bing.com/rs/4e/ef/cc,nc/6-ByWAH57F8jj46-XVPtHR2n3Og.css?or=w → 200 (535ms, 1494B)
[2026-07-11T05:50:22.704Z] GET https://r.bing.com/rs/4e/dX/cir3,cc,nc/5gFAL7Id0yWkqqPO1crOKHL1NzM.css?or=w → 200 (552ms, 2383B)
[2026-07-11T05:50:22.704Z] GET https://r.bing.com/rs/5Z/Jo/cc,nc/ThBGCIdM7xR9bMgK2_mTcZBKJWo.css?or=w → 200 (549ms, 1653B)
[2026-07-11T05:50:22.705Z] GET https://r.bing.com/rs/5Z/Jr/cc,nc/qcYlxqUVoG6wDSdBGrbKI_U4rrc.css?or=w → 200 (533ms, 1557B)
[2026-07-11T05:50:22.705Z] GET https://r.bing.com/rs/5Z/pB/cc,nc/HAb4VzEDmsAqEVOXboBq2LA7rfk.css?or=w → 200 (532ms, 1296B)
[2026-07-11T05:50:22.705Z] GET https://r.bing.com/rs/5Z/oz/cc,nc/Hw2A9r7gYIeNnkorOsH6LRi6dK0.css?or=w → 200 (550ms, 1422B)
[2026-07-11T05:50:22.705Z] GET https://r.bing.com/rs/5Z/oJ/cc,nc/5R05maPk-bYXBEJRTh3MpR6Hyo4.css?or=w → 200 (531ms, 1466B)
[2026-07-11T05:50:22.705Z] GET https://r.bing.com/rs/5Z/6l/cir3,cc,nc/xI7APxHEFbZQw9wCH_UiR6jMb4Q.css?or=w → 200 (550ms, 1360B)
[2026-07-11T05:50:22.705Z] GET https://r.bing.com/rs/5Z/4o/cir3,cc,nc/T7Se5boKmcj-z3f329uZQbwymvY.css?or=w → 200 (550ms, 1176B)
[2026-07-11T05:50:22.705Z] GET https://r.bing.com/rs/5Z/3T/cc,nc/cU6FQQNV68haiyFfNvVN_GkM3mo.css?or=w → 200 (549ms, 1268B)
[2026-07-11T05:50:22.705Z] GET https://r.bing.com/rs/5Z/55/cir3,cc,nc/yxbM3Sd2R1N4rBDSqoattkdFsgE.css?or=w → 200 (549ms, 1154B)
[2026-07-11T05:50:22.705Z] GET https://r.bing.com/rs/5Z/av/cc,nc/2Ejq51Q1OBwCo3JPiW_-ydb0r0Y.css?or=w → 200 (548ms, 1802B)
[2026-07-11T05:50:22.705Z] GET https://r.bing.com/rs/5Z/8G/cir3,cc,nc/rv4GY1jA997-pLQi7hV3t6BuR4Q.css?or=w → 200 (549ms, 1961B)
[2026-07-11T05:50:22.706Z] GET https://r.bing.com/rs/5Z/4b/cir3,cc,nc/hBK1_2xhnG8R8vJ2Hlzo6KwsYS4.css?or=w → 200 (548ms, 1844B)
[2026-07-11T05:50:22.706Z] GET https://r.bing.com/rp/GwvTDzr-_7Ipq8Y_s09cnrmtIeY.br.css → 200 (552ms, 714B)
[2026-07-11T05:50:22.706Z] GET https://r.bing.com/rs/5Z/iO/cc,nc/4OlqWNHbEtcrJKzIo3cIu60HGhM.css?or=w → 200 (552ms, 1247B)
[2026-07-11T05:50:22.706Z] GET https://r.bing.com/rs/5Z/jb/cc,nc/dUofHZzWHvvJpQR9jnGCR6HFBJE.css?or=w → 200 (551ms, 1961B)
[2026-07-11T05:50:22.706Z] GET https://r.bing.com/rs/5Z/kf/cc,nc/f4JvMZOsPFYyjCyDnZsT7VeJz3o.css?or=w → 200 (551ms, 1266B)
[2026-07-11T05:50:22.712Z] GET https://r.bing.com/rp/xiLiwvf1fPHGHn1FtpBZ7OjyW7k.br.css → 200 (545ms, 778B)
[2026-07-11T05:50:22.713Z] GET https://r.bing.com/rb/3U/cc,nc/r6KjdhIcY0vRnVja4Yojc7Y1VOI.css?bu=Au4B7wE&or=w → 200 (543ms, 1697B)
[2026-07-11T05:50:22.713Z] GET https://r.bing.com/rp/tH67fvQiF0nalrIJQQCukA-8_u4.br.css → 200 (544ms, 861B)
[2026-07-11T05:50:22.713Z] GET https://r.bing.com/rs/4H/67/cc,nc/r7Bn93b_dg4yYxtyjUytqakmnOo.css?or=w → 200 (543ms, 1468B)
[2026-07-11T05:50:22.713Z] GET https://r.bing.com/rp/6QcrwwIu0-4_N7YO3otOlZh0iEg.br.js → 200 (545ms, 874B)
[2026-07-11T05:50:22.713Z] GET https://r.bing.com/rp/C_c5gjtK4f01O4LfPUZBkQROMF4.br.js → 200 (401ms, 927B)
[2026-07-11T05:50:22.713Z] GET https://r.bing.com/rp/7xJHoaPMPrE8RaLHLYedT4Q20b0.br.js → 200 (361ms, 1123B)
[2026-07-11T05:50:22.713Z] GET https://r.bing.com/rp/FIrq4n7XJcH-bxJlHvalz0nETAA.br.js → 200 (360ms, 777B)
[2026-07-11T05:50:23.263Z] GET https://r.bing.com/rp/CGp82zzRFpyGUKY98xX-82Jg8zs.br.css → 200 (77ms, 14530B)
[2026-07-11T05:50:23.263Z] GET https://r.bing.com/rb/4H/cir3,cc,nc/mTKsPNrBBsR630ZiwRcmFicEm90.css?bu=CKkCyQOJBPICrQKnBKoEswI&or=w → 200 (85ms, 6733B)
[2026-07-11T05:50:23.263Z] GET https://r.bing.com/rb/4H/cir3,cc,nc/4sQXg2nHpBvkdXSz16GDSK5EFlU.css?bu=BO8DoASeBLUD&or=w → 200 (83ms, 4667B)
[2026-07-11T05:50:23.263Z] GET https://r.bing.com/rs/5T/uj/cir3,cc,nc/NA01FcDoQNBG4hrb0M_2gwXhWHc.css?or=w → 200 (76ms, 2470B)
[2026-07-11T05:50:23.290Z] GET https://r.bing.com/rp/EX_mgILPdYtFnI-37m1pZn5YKII.png → 200 (45ms, 8199B)
[2026-07-11T05:50:23.340Z] GET https://www.bing.com/fd/ls/l?IG=C03C5B4C09D0439584C22C18F1CC910F&CID=191D715C40B86AD7385D66CF41E76B7F&Type=Event.CPT&DATA={%22pp%22:{%22S%22:%22L%22,%22FC%22:555,%22BC%22:556,%22SE%22:-1,%22TC%22:-1,%22H%22:570,%22BP%22:673,%22CT%22:675,%22IL%22:1},%22ad%22:[-1,-1,1280,720,1280,1748,1],%22net%22:%22undefined%22}&P=SERP&DA=SJCE01&MN=SERP&dl=5 → 200 (76ms, 11B)
[2026-07-11T05:50:23.360Z] GET https://r.bing.com/rs/6r/gm/jnc,nj/tlifxqsNyCzxIJnRwtQKuZToQQw.js?or=w → 200 (56ms, -1567B)
[2026-07-11T05:50:23.360Z] GET https://r.bing.com/rp/F9KWm14VPnDVIwncNkXY4lqr8pQ.br.js → 200 (44ms, 1460B)
[2026-07-11T05:50:23.361Z] GET https://r.bing.com/rp/Tzi0lFhZU13XYuDY050dWBV6DfQ.br.js → 200 (60ms, -961B)
[2026-07-11T05:50:23.361Z] GET https://r.bing.com/rp/IeR-599UBJuseT658p8awKkSjaw.br.js → 200 (59ms, -929B)
[2026-07-11T05:50:23.362Z] GET https://r.bing.com/rp/-V5wTZcrW0CU8Mo8ihfH5VDKems.br.js → 200 (59ms, -1024B)
[2026-07-11T05:50:23.362Z] GET https://r.bing.com/rp/xcSIsTDS1yhrulkVnoR1WFVhdrI.br.js → 200 (65ms, -929B)
[2026-07-11T05:50:23.362Z] GET https://r.bing.com/rp/ikHX-hlyfHuZmHc50q1pcAAQP5E.br.js → 200 (66ms, -958B)
[2026-07-11T05:50:23.362Z] GET https://r.bing.com/rp/En6blPJcqovigCz6Ix1FLnXHt24.br.js → 200 (66ms, 666B)
[2026-07-11T05:50:23.362Z] GET https://r.bing.com/rp/PwjTjLAwycFuq4i8wD3bcxhdgN8.br.js → 200 (88ms, -954B)
[2026-07-11T05:50:23.363Z] GET https://r.bing.com/rp/6r0416GnMn0B1a7ZAYesBCElPxc.br.js → 200 (88ms, -992B)
[2026-07-11T05:50:23.363Z] GET https://r.bing.com/rp/Qj1qM0JDuM3J3-o_UUl5XOSD1y8.br.js → 200 (105ms, -962B)
[2026-07-11T05:50:23.363Z] GET https://r.bing.com/rs/6r/gm/jnc,nj/tlifxqsNyCzxIJnRwtQKuZToQQw.js?or=w → 200 (49ms, -1567B)
[2026-07-11T05:50:23.363Z] GET https://r.bing.com/rp/LLsqdhmv3RjYgfuepDBrVLeWshY.br.js → 200 (105ms, -957B)
[2026-07-11T05:50:23.363Z] GET https://r.bing.com/rp/cfKt7bw67nxWZkkgOIRReDE3rQI.br.js → 200 (110ms, -983B)
[2026-07-11T05:50:23.363Z] GET https://r.bing.com/rp/0Tfs80oEbRYDgF7ylLj21W9MXHU.br.js → 200 (105ms, 361B)
[2026-07-11T05:50:23.363Z] GET https://r.bing.com/rp/6wBFuewIOH06q9w4Bw8z-SKiip4.br.js → 200 (113ms, 490B)
[2026-07-11T05:50:23.363Z] GET https://r.bing.com/rs/6r/gm/jnc,nj/tlifxqsNyCzxIJnRwtQKuZToQQw.js?or=w → 200 (41ms, -1567B)
[2026-07-11T05:50:23.363Z] GET https://r.bing.com/rp/fYa4G4wbz4PjD3tZaW3pycMuo2c.br.js → 200 (105ms, 554B)
[2026-07-11T05:50:23.375Z] GET https://r.bing.com/rb/4Q/jnc,nj/cKzGnam6-Fytml03VT3ixBZ9tTs.js?bu=A5A0kzSWNA&or=w → 200 (98ms, 2579B)
[2026-07-11T05:50:23.376Z] GET https://r.bing.com/rp/qwce00QJxdHzNxXh5H1mBc8QgBU.br.js → 200 (100ms, 251B)
[2026-07-11T05:50:23.376Z] GET https://r.bing.com/rp/rJAhQDJ7mcmc690pfjItaDhmv18.br.js → 200 (113ms, 1287B)
[2026-07-11T05:50:23.376Z] GET https://r.bing.com/rp/Y-IofXCiouangPfEhpp6Z_AOYcM.br.js → 200 (116ms, 310B)
[2026-07-11T05:50:23.377Z] GET https://r.bing.com/rp/B41j9eGM1DLNjQd-XrgY_sctGDk.br.js → 200 (115ms, 241B)
[2026-07-11T05:50:23.377Z] GET https://r.bing.com/rp/KV4_sSSBz1cEDJbhKamlGr9ClBw.br.js → 200 (115ms, 389B)
[2026-07-11T05:50:23.377Z] GET https://r.bing.com/rp/TsKGnfqxqwIZ0qgW31yPMZd85P8.br.js → 200 (116ms, 205B)
[2026-07-11T05:50:23.377Z] GET https://r.bing.com/rs/6r/ro/jnc,nj/PqrqelWWRvUSnVWCeG5Pdh9wBEU.js?or=w → 200 (115ms, 1012B)
[2026-07-11T05:50:23.378Z] GET https://r.bing.com/rp/F_NjvIijiBhzfbsy0TKV9gOkTWE.br.js → 200 (114ms, 348B)
[2026-07-11T05:50:23.378Z] GET https://r.bing.com/rp/mf3B6bT-FFOeYD0GC4z6ZBsLW6M.br.js → 200 (172ms, 106B)
[2026-07-11T05:50:23.378Z] GET https://r.bing.com/rp/NN38hWBGghpmyTXZRzxNyuDQOh0.br.js → 200 (115ms, 799B)
[2026-07-11T05:50:23.378Z] GET https://r.bing.com/rp/vMDvWdmF46n6kUNBfdmqXrDYoGI.br.js → 200 (115ms, 2568B)
[2026-07-11T05:50:23.378Z] GET https://r.bing.com/rp/K2n5cK_TUigbMh3ulWRwsTAVcJI.br.js → 200 (118ms, 598B)
[2026-07-11T05:50:23.378Z] GET https://r.bing.com/rp/sb8zw1e0EplVxmFf8G12Kosj03E.br.js → 200 (130ms, 180B)
[2026-07-11T05:50:23.378Z] GET https://r.bing.com/rp/HuFcgBA_2XForBQE_eZtVYzLk2M.br.js → 200 (130ms, 1602B)
[2026-07-11T05:50:23.379Z] GET https://r.bing.com/rs/6r/lL/nj/EmG-XMIMCcq8zmcVBBO7jkFERAE.js?or=w → 200 (134ms, -1893B)
[2026-07-11T05:50:23.379Z] GET https://r.bing.com/rp/JLxV1JzWIP7PpLWcqMYVYqMzSmY.br.js → 200 (131ms, 113B)
[2026-07-11T05:50:23.379Z] GET https://r.bing.com/rp/yt5G3936XbeOUUYvhktH-Zp37Ac.br.js → 200 (131ms, 115B)
[2026-07-11T05:50:23.379Z] GET https://r.bing.com/rp/x1eptL9rX54oAMdUWuiXlU8ClbM.br.js → 200 (136ms, 239B)
[2026-07-11T05:50:23.379Z] GET https://r.bing.com/rp/QhINJ5aAulL1ot_r_8dLH_aIfCk.br.js → 200 (131ms, 277B)
[2026-07-11T05:50:23.379Z] GET https://r.bing.com/rp/cVhztCgE3ZjlZ4NrICPGsTh1WbQ.br.js → 200 (131ms, 832B)
[2026-07-11T05:50:23.379Z] GET https://r.bing.com/rp/eE_nGKc9g6OVIDRu8fYvjIG9Hm0.br.js → 200 (131ms, 790B)
[2026-07-11T05:50:23.379Z] GET https://r.bing.com/rp/-vw7138u6_r_Ghx3EGqbgT8a4to.br.js → 200 (137ms, 1425B)
[2026-07-11T05:50:23.379Z] GET https://r.bing.com/rp/Bhp5McU_G4qFOBSyNu2f3cxDjDg.br.js → 200 (138ms, 303B)
[2026-07-11T05:50:23.380Z] GET https://r.bing.com/rs/6r/ue/jnc,nj/a-7oPGogv38O2aNsE2G1jvTy2t8.js?or=w → 200 (169ms, 1699B)
[2026-07-11T05:50:23.380Z] GET https://r.bing.com/rp/5I0Cuul36Grrwnqn9LpjC23cpQ8.br.js → 200 (170ms, 925B)
[2026-07-11T05:50:23.380Z] GET https://r.bing.com/rp/oU3D75fwOKYAqRTtv6cscmsEla8.br.js → 200 (171ms, 604B)
[2026-07-11T05:50:23.380Z] GET https://r.bing.com/rp/zjz65wEi2EUfRvlC6mVhOIE4PSM.br.js → 200 (138ms, 2139B)
[2026-07-11T05:50:23.381Z] GET https://r.bing.com/rp/88F_WFp57AEhbuX2xUzJp0yKLEM.br.js → 200 (185ms, ?B)
[2026-07-11T05:50:23.381Z] GET https://r.bing.com/rp/KUj639dFcatHE77xtiTb-KSEsSA.br.js → 200 (171ms, 6026B)
[2026-07-11T05:50:23.381Z] GET https://r.bing.com/rp/b1xhc3Vl3_FhS-lf4VS_IJJoJF8.br.js → 200 (197ms, ?B)
[2026-07-11T05:50:23.381Z] GET https://r.bing.com/rp/TS4x6zoibBZfA9B7sa2wJaRhVNw.br.js → 200 (196ms, ?B)
[2026-07-11T05:50:23.381Z] GET https://r.bing.com/rp/6ZpK9fh9cD0LYcXzkYpUR9MV_-g.br.js → 200 (199ms, ?B)
[2026-07-11T05:50:23.381Z] GET https://r.bing.com/rp/KLrSbzDKMog0mCiPcB9iwoEvlE4.br.js → 200 (198ms, ?B)
[2026-07-11T05:50:23.381Z] GET https://r.bing.com/rp/ClBkzRTD0QLpIATX2q7eWktfr_k.br.js → 200 (198ms, ?B)
[2026-07-11T05:50:23.381Z] GET https://r.bing.com/rp/uceaWoHkRefVM5EK1cFT2TcyRm0.br.js → 200 (199ms, ?B)
[2026-07-11T05:50:23.381Z] GET https://r.bing.com/rp/AaMNMcbonPOvZZOl4Lx8-gy2CLQ.br.js → 200 (198ms, ?B)
[2026-07-11T05:50:23.381Z] GET https://r.bing.com/rp/dILjFnlu3tFtlz3D1HusK2wu9g8.br.js → 200 (199ms, ?B)
[2026-07-11T05:50:23.381Z] GET https://r.bing.com/rp/CnuSs8RGmjTsMT91VsxGzD6pvXs.br.js → 200 (198ms, ?B)
[2026-07-11T05:50:23.382Z] GET https://r.bing.com/rp/fRSNKQanUHk53F1a1Bi8UA71Qt4.br.js → 200 (198ms, ?B)
[2026-07-11T05:50:23.382Z] GET https://r.bing.com/rp/DR3HSCOIEFQKTsP_w1z3exhqKIw.br.js → 200 (197ms, ?B)
[2026-07-11T05:50:23.382Z] GET https://r.bing.com/rp/cfKt7bw67nxWZkkgOIRReDE3rQI.br.js → 200 (70ms, -983B)
[2026-07-11T05:50:23.382Z] GET https://r.bing.com/rp/xcXoIIPNYmJF-EYrsQBDlqHo36g.br.js → 200 (197ms, ?B)
[2026-07-11T05:50:23.382Z] GET https://r.bing.com/rp/uP1dLTYbxyhIP5Ae5ENgyyzxyOc.br.js → 200 (198ms, ?B)
[2026-07-11T05:50:23.382Z] GET https://r.bing.com/rp/ERxD1rq0Xd7Fewx2Ys6cWhWRMmk.br.js → 200 (198ms, ?B)
[2026-07-11T05:50:23.382Z] GET https://r.bing.com/rp/sJ3s4CcWssN1-yBhgYXI5ztX9tU.br.js → 200 (198ms, ?B)
[2026-07-11T05:50:23.382Z] GET https://r.bing.com/rp/Ytxs5tpnCZO__xIrhWwJA-yGHZM.br.js → 200 (198ms, ?B)
[2026-07-11T05:50:23.382Z] GET https://r.bing.com/rs/6r/lx/nj/x-x_v9X2pwR9AlcQef28REZvCsY.js?or=w → 200 (198ms, ?B)
[2026-07-11T05:50:23.382Z] GET https://r.bing.com/rp/lLk8XmbdNzzlnPRzVzDhaF9yjqw.br.js → 200 (198ms, ?B)
[2026-07-11T05:50:23.383Z] GET https://r.bing.com/rp/Ass0FROa2e9YKJimHNSYJXacvKI.br.js → 200 (207ms, ?B)
[2026-07-11T05:50:23.383Z] GET https://r.bing.com/rp/uYfKaCEKoUJO8QF1Vlmton1QU_Y.br.js → 200 (197ms, ?B)
[2026-07-11T05:50:23.383Z] GET https://r.bing.com/rp/lkM7-j-6lj2mHueJugMSD2pY8kM.br.js → 200 (208ms, ?B)
[2026-07-11T05:50:23.383Z] GET https://r.bing.com/rp/Gyuq2bqitqDJM0BeAkbKXGlQXNw.br.js → 200 (207ms, ?B)
[2026-07-11T05:50:23.392Z] GET https://r.bing.com/rp/n21aGRCN5EKHB3qObygw029dyNU.br.js → 200 (220ms, ?B)
[2026-07-11T05:50:23.392Z] GET https://r.bing.com/rp/hSC2A2u1nPLBLKtx9YeXrNrijSw.br.js → 200 (199ms, ?B)
[2026-07-11T05:50:23.392Z] GET https://r.bing.com/rp/psgXZvzYJMEW2ydikIk493Va1d4.br.js → 200 (221ms, ?B)
[2026-07-11T05:50:23.392Z] GET https://r.bing.com/rs/6r/wg/nj/nt6a1ZR520utsLoZmSYgwxdOPgI.js?or=w → 200 (222ms, ?B)
[2026-07-11T05:50:23.392Z] GET https://r.bing.com/rp/5L3iD467J3iJWEPwIjxlK0MMDpY.br.js → 200 (220ms, ?B)
[2026-07-11T05:50:23.392Z] GET https://r.bing.com/rp/9Z2GyyGvsKSVNrmOMrTfcv8z_yQ.br.js → 200 (199ms, ?B)
[2026-07-11T05:50:23.393Z] GET https://r.bing.com/rp/K_V1CARn2Q2lTs5njJKUvUkHyi4.br.js → 200 (221ms, ?B)
[2026-07-11T05:50:23.393Z] GET https://r.bing.com/rp/3eHIthF6R2e1ZRdN3zxkF_nk-6w.br.js → 200 (221ms, ?B)
[2026-07-11T05:50:23.393Z] GET https://r.bing.com/rp/EAI2MpbgpapWy3f5CJ0mQ55YzkI.br.js → 200 (220ms, ?B)
[2026-07-11T05:50:23.393Z] GET https://r.bing.com/rp/JTnIefOMiNK7DX11D7RY8i0_PKc.br.js → 200 (221ms, ?B)
[2026-07-11T05:50:23.393Z] GET https://r.bing.com/rp/_Bf8WbhrPNleVJdfG-L0A8nld9c.br.js → 200 (222ms, ?B)
[2026-07-11T05:50:23.393Z] GET https://r.bing.com/rp/75SIhjT7cikNAal0FuI8WHdzWa8.br.js → 200 (222ms, ?B)
[2026-07-11T05:50:23.393Z] GET https://r.bing.com/rp/mOy7YpeLJ3c40BBAFNUI6SmOUTY.br.js → 200 (221ms, ?B)
[2026-07-11T05:50:23.393Z] GET https://r.bing.com/rp/6mZmj1db42G_jniFgdT7MCvBgyA.br.js → 200 (222ms, ?B)
[2026-07-11T05:50:23.393Z] GET https://r.bing.com/rs/6r/kO/jnc,nj/P2A3uGO2O64dixlm8-ndJ5_iyo4.js?or=w → 200 (223ms, ?B)
[2026-07-11T05:50:23.393Z] GET https://r.bing.com/rp/nHOlLJnFoS8pPI705ikfiw8Z_OI.br.js → 200 (222ms, ?B)
[2026-07-11T05:50:23.393Z] GET https://r.bing.com/rp/npss_9tdJq98UAZWJkmncHMBuno.br.js → 200 (222ms, ?B)
[2026-07-11T05:50:23.393Z] GET https://r.bing.com/rp/TA5w4JZB_Bofmi4E2NA9kDEyusQ.br.js → 200 (222ms, ?B)
[2026-07-11T05:50:23.394Z] GET https://r.bing.com/rp/zlfm-hC70pZAs62UVTTl3KShKOE.br.js → 200 (221ms, ?B)
[2026-07-11T05:50:23.394Z] GET https://r.bing.com/rp/hAEVe25_jil71qxV8HNHEcjwOsk.br.js → 200 (222ms, ?B)
[2026-07-11T05:50:23.394Z] GET https://r.bing.com/rp/TQGiVJr4EQItARiXzy1vNtei-NQ.br.js → 200 (222ms, ?B)
[2026-07-11T05:50:23.394Z] GET https://r.bing.com/rs/6r/lL/nj/EmG-XMIMCcq8zmcVBBO7jkFERAE.js?or=w → 200 (116ms, 473B)
[2026-07-11T05:50:23.394Z] GET https://r.bing.com/rp/uicSxtNwRiZ5PDW1nz4YbxCDn9o.br.js → 200 (222ms, ?B)
[2026-07-11T05:50:23.394Z] GET https://r.bing.com/rp/zU-wzeTci_PmsyatZvTRjj8U0as.br.js → 200 (224ms, ?B)
[2026-07-11T05:50:23.394Z] GET https://r.bing.com/rp/yDCTBMsaGVIotHzJtTwQ4eJQ07s.br.js → 200 (223ms, ?B)
[2026-07-11T05:50:23.394Z] GET https://r.bing.com/rp/Iuy6fC_j8hS5N4eOG-9BcVtMAVo.br.js → 200 (222ms, ?B)
[2026-07-11T05:50:23.394Z] GET https://r.bing.com/rp/pH9V7s80ZMl34uIM9Cxw_npsBus.br.js → 200 (223ms, ?B)
[2026-07-11T05:50:23.394Z] GET https://r.bing.com/rp/CcMXS8Oo0OUnUE0LzYK9AFJ6la8.br.js → 200 (224ms, ?B)
[2026-07-11T05:50:23.394Z] GET https://r.bing.com/rp/-ICpNDkT9Y-AM9LUhR49rNhH2oo.br.js → 200 (224ms, ?B)
[2026-07-11T05:50:23.394Z] GET https://r.bing.com/rp/O-ejpxJOK4ur1-qUtpPRk7Z6wj0.br.js → 200 (224ms, ?B)
[2026-07-11T05:50:23.394Z] GET https://r.bing.com/rp/4a2l6ts7ENpX5gGW0kp5U2iD6h8.br.js → 200 (224ms, ?B)
[2026-07-11T05:50:23.394Z] GET https://r.bing.com/rp/eKvcHdnNwo1WcxoSioV4ztnfZk8.br.js → 200 (225ms, ?B)
[2026-07-11T05:50:23.394Z] GET https://r.bing.com/rp/Af6_gkc-M8sTvvCoMgvEz8cPNMA.br.js → 200 (225ms, ?B)
[2026-07-11T05:50:23.394Z] GET https://r.bing.com/rp/MicXn58E9O2d9myy2AkyWVxfKMM.br.js → 200 (242ms, ?B)
[2026-07-11T05:50:23.394Z] GET https://r.bing.com/rp/72SKcnOYNsjv6ytAEeI1oFG37Rg.br.js → 200 (225ms, ?B)
[2026-07-11T05:50:23.394Z] GET https://r.bing.com/rp/ngUTcJtv7sjHF74PweBPO8yGyxQ.br.js → 200 (225ms, ?B)
[2026-07-11T05:50:23.394Z] GET https://r.bing.com/rp/plg8Vjg73xWgvghRRhfTuxFRKVk.br.js → 200 (242ms, ?B)
[2026-07-11T05:50:23.394Z] GET https://r.bing.com/rp/-2EVJNDwymhr08bVch00GwpjiDA.br.js → 200 (243ms, ?B)
[2026-07-11T05:50:23.407Z] GET https://r.bing.com/rs/6r/gm/jnc,nj/tlifxqsNyCzxIJnRwtQKuZToQQw.js?or=w → 200 (4ms, 42B)
[2026-07-11T05:50:23.420Z] GET https://r.bing.com/rp/F9KWm14VPnDVIwncNkXY4lqr8pQ.br.js → 200 (10ms, -930B)
[2026-07-11T05:50:23.436Z] GET https://r.bing.com/rp/Tzi0lFhZU13XYuDY050dWBV6DfQ.br.js → 200 (1ms, 740B)
[2026-07-11T05:50:23.449Z] GET https://r.bing.com/rp/IeR-599UBJuseT658p8awKkSjaw.br.js → 200 (2ms, 394B)
[2026-07-11T05:50:23.452Z] GET https://r.bing.com/rp/-V5wTZcrW0CU8Mo8ihfH5VDKems.br.js → 200 (22ms, 100B)
[2026-07-11T05:50:23.474Z] GET https://r.bing.com/rp/xcSIsTDS1yhrulkVnoR1WFVhdrI.br.js → 200 (3ms, 306B)
[2026-07-11T05:50:23.478Z] GET https://r.bing.com/rp/ikHX-hlyfHuZmHc50q1pcAAQP5E.br.js → 200 (12ms, 259B)
[2026-07-11T05:50:23.490Z] GET https://r.bing.com/rp/En6blPJcqovigCz6Ix1FLnXHt24.br.js → 200 (?ms, -986B)
[2026-07-11T05:50:23.491Z] GET https://r.bing.com/rp/PwjTjLAwycFuq4i8wD3bcxhdgN8.br.js → 200 (6ms, 677B)
[2026-07-11T05:50:23.497Z] GET https://r.bing.com/rp/6r0416GnMn0B1a7ZAYesBCElPxc.br.js → 200 (21ms, 819B)
[2026-07-11T05:50:23.549Z] GET https://r.bing.com/rp/Qj1qM0JDuM3J3-o_UUl5XOSD1y8.br.js → 200 (3ms, 1322B)
[2026-07-11T05:50:23.553Z] GET https://r.bing.com/rp/LLsqdhmv3RjYgfuepDBrVLeWshY.br.js → 200 (?ms, 106B)
[2026-07-11T05:50:23.553Z] GET https://r.bing.com/rp/cfKt7bw67nxWZkkgOIRReDE3rQI.br.js → 200 (11ms, 308B)
[2026-07-11T05:50:23.564Z] GET https://r.bing.com/rp/0Tfs80oEbRYDgF7ylLj21W9MXHU.br.js → 200 (?ms, -929B)
[2026-07-11T05:50:23.565Z] GET https://r.bing.com/rp/6wBFuewIOH06q9w4Bw8z-SKiip4.br.js → 200 (?ms, -926B)
[2026-07-11T05:50:23.566Z] GET https://www.bing.com/rewardsapp/widgetassets/prod/medallion/1.9.11/js/widget.js?t=260710 → pending (?ms, ?B)
[2026-07-11T05:50:23.566Z] GET https://r.bing.com/rp/fYa4G4wbz4PjD3tZaW3pycMuo2c.br.js → 200 (?ms, -984B)
[2026-07-11T05:50:23.567Z] GET https://r.bing.com/rb/4Q/jnc,nj/cKzGnam6-Fytml03VT3ixBZ9tTs.js?bu=A5A0kzSWNA&or=w → 200 (?ms, ?B)
[2026-07-11T05:50:23.576Z] GET https://r.bing.com/rp/qwce00QJxdHzNxXh5H1mBc8QgBU.br.js → 200 (41ms, ?B)
[2026-07-11T05:50:23.634Z] GET https://r.bing.com/rp/rJAhQDJ7mcmc690pfjItaDhmv18.br.js → 200 (?ms, ?B)
[2026-07-11T05:50:23.635Z] GET https://r.bing.com/rp/Y-IofXCiouangPfEhpp6Z_AOYcM.br.js → 200 (?ms, ?B)
[2026-07-11T05:50:23.636Z] GET https://r.bing.com/rp/B41j9eGM1DLNjQd-XrgY_sctGDk.br.js → 200 (?ms, ?B)
[2026-07-11T05:50:23.636Z] GET https://r.bing.com/rp/KV4_sSSBz1cEDJbhKamlGr9ClBw.br.js → 200 (2ms, ?B)
[2026-07-11T05:50:23.665Z] GET https://r.bing.com/rp/TsKGnfqxqwIZ0qgW31yPMZd85P8.br.js → 200 (?ms, -991B)
[2026-07-11T05:50:23.666Z] GET https://r.bing.com/rs/6r/ro/jnc,nj/PqrqelWWRvUSnVWCeG5Pdh9wBEU.js?or=w → 200 (?ms, -1893B)
[2026-07-11T05:50:23.666Z] GET https://r.bing.com/rp/F_NjvIijiBhzfbsy0TKV9gOkTWE.br.js → 200 (?ms, -929B)
[2026-07-11T05:50:23.666Z] GET https://r.bing.com/rp/mf3B6bT-FFOeYD0GC4z6ZBsLW6M.br.js → 200 (?ms, -928B)
[2026-07-11T05:50:23.667Z] GET https://r.bing.com/rp/NN38hWBGghpmyTXZRzxNyuDQOh0.br.js → 200 (?ms, -954B)
[2026-07-11T05:50:23.667Z] GET https://r.bing.com/rp/vMDvWdmF46n6kUNBfdmqXrDYoGI.br.js → 200 (?ms, -955B)
[2026-07-11T05:50:23.675Z] GET https://r.bing.com/rp/K2n5cK_TUigbMh3ulWRwsTAVcJI.br.js → 200 (1ms, -961B)
[2026-07-11T05:50:23.677Z] GET https://r.bing.com/rp/sb8zw1e0EplVxmFf8G12Kosj03E.br.js → 200 (?ms, -927B)
[2026-07-11T05:50:23.678Z] GET https://r.bing.com/rp/HuFcgBA_2XForBQE_eZtVYzLk2M.br.js → 200 (?ms, -962B)
[2026-07-11T05:50:23.678Z] GET https://r.bing.com/rs/6r/lL/nj/EmG-XMIMCcq8zmcVBBO7jkFERAE.js?or=w → 200 (?ms, -1893B)
[2026-07-11T05:50:23.679Z] GET https://r.bing.com/rp/JLxV1JzWIP7PpLWcqMYVYqMzSmY.br.js → 200 (?ms, -925B)
[2026-07-11T05:50:23.680Z] GET https://r.bing.com/rp/yt5G3936XbeOUUYvhktH-Zp37Ac.br.js → 200 (?ms, -926B)
[2026-07-11T05:50:23.681Z] GET https://r.bing.com/rp/x1eptL9rX54oAMdUWuiXlU8ClbM.br.js → 200 (47ms, -954B)
[2026-07-11T05:50:23.735Z] GET https://r.bing.com/rp/QhINJ5aAulL1ot_r_8dLH_aIfCk.br.js → 200 (1ms, -958B)
[2026-07-11T05:50:23.738Z] GET https://r.bing.com/rp/cVhztCgE3ZjlZ4NrICPGsTh1WbQ.br.js → 200 (6ms, -927B)
[2026-07-11T05:50:23.755Z] GET https://r.bing.com/rp/eE_nGKc9g6OVIDRu8fYvjIG9Hm0.br.js → 200 (1ms, -961B)
[2026-07-11T05:50:23.756Z] GET https://r.bing.com/rp/-vw7138u6_r_Ghx3EGqbgT8a4to.br.js → 200 (?ms, -987B)
[2026-07-11T05:50:23.762Z] GET https://r.bing.com/rp/Bhp5McU_G4qFOBSyNu2f3cxDjDg.br.js → 200 (?ms, -929B)
[2026-07-11T05:50:23.763Z] GET https://r.bing.com/rs/6r/ue/jnc,nj/a-7oPGogv38O2aNsE2G1jvTy2t8.js?or=w → 200 (?ms, -1431B)
[2026-07-11T05:50:23.767Z] GET https://th.bing.com/th/id/ODLS.A2450BEC-5595-40BA-9F13-D9EC6AB74B9F?w=32&h=32&qlt=90&pcl=fffffa&o=6&pid=1.2 → 200 (287ms, 1205B)
[2026-07-11T05:50:23.767Z] GET https://th.bing.com/th/id/ODLS.A2450BEC-5595-40BA-9F13-D9EC6AB74B9F?w=32&h=32&qlt=91&pcl=fffffa&o=6&pid=1.2 → 200 (274ms, 1205B)
[2026-07-11T05:50:23.767Z] GET https://th.bing.com/th/id/ODLS.A2450BEC-5595-40BA-9F13-D9EC6AB74B9F?w=32&h=32&qlt=92&pcl=fffffa&o=6&pid=1.2 → 200 (283ms, 1205B)
[2026-07-11T05:50:23.767Z] GET https://th.bing.com/th/id/ODLS.A2450BEC-5595-40BA-9F13-D9EC6AB74B9F?w=32&h=32&qlt=93&pcl=fffffa&o=6&pid=1.2 → 200 (282ms, 1205B)
[2026-07-11T05:50:23.767Z] GET https://th.bing.com/th/id/ODLS.A2450BEC-5595-40BA-9F13-D9EC6AB74B9F?w=32&h=32&qlt=94&pcl=fffffa&o=6&pid=1.2 → 200 (281ms, 1204B)
[2026-07-11T05:50:23.767Z] GET https://th.bing.com/th/id/ODLS.A2450BEC-5595-40BA-9F13-D9EC6AB74B9F?w=32&h=32&qlt=95&pcl=fffffa&o=6&pid=1.2 → 200 (281ms, 1205B)
[2026-07-11T05:50:23.767Z] GET https://th.bing.com/th/id/ODLS.A2450BEC-5595-40BA-9F13-D9EC6AB74B9F?w=32&h=32&qlt=96&pcl=fffffa&o=6&pid=1.2 → 200 (298ms, 1205B)
[2026-07-11T05:50:23.767Z] GET https://th.bing.com/th/id/ODLS.A2450BEC-5595-40BA-9F13-D9EC6AB74B9F?w=32&h=32&qlt=97&pcl=fffffa&o=6&pid=1.2 → 200 (297ms, 1205B)
[2026-07-11T05:50:23.767Z] GET https://th.bing.com/th/id/ODLS.A2450BEC-5595-40BA-9F13-D9EC6AB74B9F?w=32&h=32&qlt=98&pcl=fffffa&o=6&pid=1.2 → 200 (297ms, 1205B)
[2026-07-11T05:50:23.767Z] GET https://th.bing.com/th/id/ODLS.A2450BEC-5595-40BA-9F13-D9EC6AB74B9F?w=32&h=32&qlt=99&pcl=fffffa&o=6&pid=1.2 → 200 (293ms, 1205B)
[2026-07-11T05:50:23.767Z] GET https://r.bing.com/rp/5I0Cuul36Grrwnqn9LpjC23cpQ8.br.js → 200 (1ms, -954B)
[2026-07-11T05:50:23.768Z] GET https://r.bing.com/rp/oU3D75fwOKYAqRTtv6cscmsEla8.br.js → 200 (?ms, -954B)
[2026-07-11T05:50:23.769Z] GET https://r.bing.com/rp/zjz65wEi2EUfRvlC6mVhOIE4PSM.br.js → 200 (3ms, -993B)
[2026-07-11T05:50:23.781Z] POST https://www.bing.com/bd/issuertoken/verify?IID=PoW&SFX=1&IG=C03C5B4C09D0439584C22C18F1CC910F → 200 (79ms, 80B)
[2026-07-11T05:50:23.782Z] GET https://r.bing.com/rp/88F_WFp57AEhbuX2xUzJp0yKLEM.br.js → 200 (?ms, -953B)
[2026-07-11T05:50:23.784Z] GET https://r.bing.com/rp/KUj639dFcatHE77xtiTb-KSEsSA.br.js → 200 (?ms, -986B)
[2026-07-11T05:50:23.784Z] GET https://r.bing.com/rp/b1xhc3Vl3_FhS-lf4VS_IJJoJF8.br.js → 200 (2ms, -955B)
[2026-07-11T05:50:23.786Z] GET https://r.bing.com/rp/TS4x6zoibBZfA9B7sa2wJaRhVNw.br.js → 200 (?ms, -929B)
[2026-07-11T05:50:23.822Z] GET https://r.bing.com/rp/6ZpK9fh9cD0LYcXzkYpUR9MV_-g.br.js → 200 (2ms, -984B)
[2026-07-11T05:50:23.826Z] GET https://r.bing.com/rp/KLrSbzDKMog0mCiPcB9iwoEvlE4.br.js → 200 (1ms, -985B)
[2026-07-11T05:50:23.828Z] GET https://r.bing.com/rp/ClBkzRTD0QLpIATX2q7eWktfr_k.br.js → 200 (2ms, -962B)
[2026-07-11T05:50:23.832Z] GET https://r.bing.com/rp/uceaWoHkRefVM5EK1cFT2TcyRm0.br.js → 200 (2ms, -959B)
[2026-07-11T05:50:23.834Z] GET https://r.bing.com/rp/AaMNMcbonPOvZZOl4Lx8-gy2CLQ.br.js → 200 (2ms, -951B)
[2026-07-11T05:50:23.837Z] GET https://r.bing.com/rp/dILjFnlu3tFtlz3D1HusK2wu9g8.br.js → 200 (1ms, -954B)
[2026-07-11T05:50:23.839Z] GET https://r.bing.com/rp/CnuSs8RGmjTsMT91VsxGzD6pvXs.br.js → 200 (3ms, -954B)
[2026-07-11T05:50:23.843Z] GET https://r.bing.com/rp/fRSNKQanUHk53F1a1Bi8UA71Qt4.br.js → 200 (1ms, -984B)
[2026-07-11T05:50:23.845Z] GET https://r.bing.com/rp/DR3HSCOIEFQKTsP_w1z3exhqKIw.br.js → 200 (2ms, -929B)
[2026-07-11T05:50:23.848Z] GET https://r.bing.com/rp/xcXoIIPNYmJF-EYrsQBDlqHo36g.br.js → 200 (1ms, -927B)
[2026-07-11T05:50:23.850Z] GET https://r.bing.com/rp/uP1dLTYbxyhIP5Ae5ENgyyzxyOc.br.js → 200 (1ms, -994B)
[2026-07-11T05:50:23.852Z] GET https://r.bing.com/rp/ERxD1rq0Xd7Fewx2Ys6cWhWRMmk.br.js → 200 (1ms, -959B)
[2026-07-11T05:50:23.854Z] GET https://r.bing.com/rp/sJ3s4CcWssN1-yBhgYXI5ztX9tU.br.js → 200 (2ms, -961B)
[2026-07-11T05:50:23.857Z] GET https://r.bing.com/rp/Ytxs5tpnCZO__xIrhWwJA-yGHZM.br.js → 200 (3ms, -955B)
[2026-07-11T05:50:23.862Z] GET https://r.bing.com/rs/6r/lx/nj/x-x_v9X2pwR9AlcQef28REZvCsY.js?or=w → 200 (9ms, -1893B)
[2026-07-11T05:50:23.874Z] GET https://r.bing.com/rp/lLk8XmbdNzzlnPRzVzDhaF9yjqw.br.js → 200 (?ms, -926B)
[2026-07-11T05:50:23.876Z] GET https://www.bing.com/images/sbi?mmasync=1&ig=C03C5B4C09D0439584C22C18F1CC910F&iid=.5093&ptn=Web&ep=0&iconpl=1&ajaxreq=1 → 200 (80ms, 20951B)
[2026-07-11T05:50:23.876Z] GET https://r.bing.com/rp/Ass0FROa2e9YKJimHNSYJXacvKI.br.js → 200 (3ms, -929B)
[2026-07-11T05:50:23.879Z] GET https://r.bing.com/rp/uYfKaCEKoUJO8QF1Vlmton1QU_Y.br.js → 200 (2ms, -961B)
[2026-07-11T05:50:23.882Z] GET https://www.bing.com/instantsearch/getquerylist?query=%22order%20no.%20182%2C101%22%20mobil → 200 (183ms, 34B)
[2026-07-11T05:50:23.882Z] GET https://r.bing.com/rp/lkM7-j-6lj2mHueJugMSD2pY8kM.br.js → 200 (1ms, -960B)
[2026-07-11T05:50:23.884Z] GET https://r.bing.com/rp/Gyuq2bqitqDJM0BeAkbKXGlQXNw.br.js → 200 (1ms, -937B)
[2026-07-11T05:50:23.886Z] GET https://r.bing.com/rp/n21aGRCN5EKHB3qObygw029dyNU.br.js → 200 (2ms, -984B)
[2026-07-11T05:50:23.888Z] GET https://r.bing.com/rp/hSC2A2u1nPLBLKtx9YeXrNrijSw.br.js → 200 (1ms, -986B)
[2026-07-11T05:50:23.890Z] GET https://r.bing.com/rp/psgXZvzYJMEW2ydikIk493Va1d4.br.js → 200 (2ms, -958B)
[2026-07-11T05:50:23.895Z] POST https://www.bing.com/rewardsapp/ncheader?ver=70613054&IID=SERP.5050&IG=C03C5B4C09D0439584C22C18F1CC910F&ajaxreq=1 → 200 (196ms, 834B)
[2026-07-11T05:50:23.895Z] GET https://r.bing.com/rs/6r/wg/nj/nt6a1ZR520utsLoZmSYgwxdOPgI.js?or=w → 200 (2ms, -1893B)
[2026-07-11T05:50:23.898Z] GET https://r.bing.com/rp/5L3iD467J3iJWEPwIjxlK0MMDpY.br.js → 200 (2ms, -959B)
[2026-07-11T05:50:23.900Z] GET https://r.bing.com/rp/9Z2GyyGvsKSVNrmOMrTfcv8z_yQ.br.js → 200 (2ms, -960B)
[2026-07-11T05:50:23.903Z] GET https://r.bing.com/rp/K_V1CARn2Q2lTs5njJKUvUkHyi4.br.js → 200 (1ms, -984B)
[2026-07-11T05:50:23.907Z] POST https://www.bing.com/rewardsapp/reportActivity?IG=C03C5B4C09D0439584C22C18F1CC910F&IID=SERP.5060&q=%22Order+No.+182%2C101%22+mobile+food+facility+sfpublicworks&ajaxreq=1 → 200 (190ms, 1157B)
[2026-07-11T05:50:23.907Z] GET https://r.bing.com/rp/3eHIthF6R2e1ZRdN3zxkF_nk-6w.br.js → 200 (2ms, -986B)
[2026-07-11T05:50:23.911Z] GET https://r.bing.com/rp/EAI2MpbgpapWy3f5CJ0mQ55YzkI.br.js → 200 (2ms, -929B)
[2026-07-11T05:50:23.914Z] GET https://r.bing.com/rp/JTnIefOMiNK7DX11D7RY8i0_PKc.br.js → 200 (2ms, -984B)
[2026-07-11T05:50:23.917Z] GET https://r.bing.com/rp/_Bf8WbhrPNleVJdfG-L0A8nld9c.br.js → 200 (1ms, -959B)
[2026-07-11T05:50:23.919Z] GET https://r.bing.com/rp/75SIhjT7cikNAal0FuI8WHdzWa8.br.js → 200 (1ms, -985B)
[2026-07-11T05:50:23.921Z] GET https://r.bing.com/rp/mOy7YpeLJ3c40BBAFNUI6SmOUTY.br.js → 200 (1ms, -959B)
[2026-07-11T05:50:23.923Z] GET https://r.bing.com/rp/6mZmj1db42G_jniFgdT7MCvBgyA.br.js → 200 (2ms, -959B)
[2026-07-11T05:50:23.927Z] GET https://r.bing.com/rs/6r/kO/jnc,nj/P2A3uGO2O64dixlm8-ndJ5_iyo4.js?or=w → 200 (1ms, -1431B)
[2026-07-11T05:50:23.929Z] GET https://r.bing.com/rp/nHOlLJnFoS8pPI705ikfiw8Z_OI.br.js → 200 (3ms, -985B)
[2026-07-11T05:50:23.933Z] GET https://r.bing.com/rp/npss_9tdJq98UAZWJkmncHMBuno.br.js → 200 (4ms, -954B)
[2026-07-11T05:50:23.940Z] GET https://r.bing.com/rp/TA5w4JZB_Bofmi4E2NA9kDEyusQ.br.js → 200 (1ms, -937B)
[2026-07-11T05:50:23.946Z] GET https://r.bing.com/rp/zlfm-hC70pZAs62UVTTl3KShKOE.br.js → 200 (4ms, -937B)
[2026-07-11T05:50:23.953Z] GET https://r.bing.com/rp/hAEVe25_jil71qxV8HNHEcjwOsk.br.js → 200 (46ms, -959B)
[2026-07-11T05:50:23.997Z] GET https://r.bing.com/rp/lwgCOY8rCo0Ub0btSshwRlT9HWI.br.js → 200 (91ms, 314B)
[2026-07-11T05:50:23.997Z] GET https://r.bing.com/rp/ulJ3ckR0YcGpvIX6xhO4prJhEQQ.br.js → 200 (90ms, 297B)
[2026-07-11T05:50:23.997Z] GET https://r.bing.com/rp/fdVZU4ttbw8NDRm6H3I5BW3_vCo.svg → 200 (77ms, 702B)
[2026-07-11T05:50:23.998Z] GET https://r.bing.com/rp/4L4QdyjTv0HYE2Ig2ol9eYoqxg8.svg → 200 (76ms, 1132B)
[2026-07-11T05:50:23.998Z] GET https://r.bing.com/rp/UusW4P7f5q9mXctgEuZhyIziufA.svg → 200 (83ms, 576B)
[2026-07-11T05:50:23.998Z] GET https://r.bing.com/rp/4A9D07RlW6M7gPmPQQydX3khDJc.svg → 200 (82ms, 769B)
[2026-07-11T05:50:24.021Z] GET https://r.bing.com/rp/TQGiVJr4EQItARiXzy1vNtei-NQ.br.js → 200 (7ms, -961B)
[2026-07-11T05:50:24.037Z] GET https://r.bing.com/rp/uicSxtNwRiZ5PDW1nz4YbxCDn9o.br.js → 200 (?ms, -955B)
[2026-07-11T05:50:24.039Z] GET https://r.bing.com/rp/zU-wzeTci_PmsyatZvTRjj8U0as.br.js → 200 (?ms, -959B)
[2026-07-11T05:50:24.040Z] GET https://r.bing.com/rp/yDCTBMsaGVIotHzJtTwQ4eJQ07s.br.js → 200 (?ms, -930B)
[2026-07-11T05:50:24.040Z] GET https://r.bing.com/rp/Iuy6fC_j8hS5N4eOG-9BcVtMAVo.br.js → 200 (13ms, -930B)
[2026-07-11T05:50:24.054Z] GET https://r.bing.com/rp/pH9V7s80ZMl34uIM9Cxw_npsBus.br.js → 200 (5ms, -994B)
[2026-07-11T05:50:24.060Z] GET https://r.bing.com/rp/CcMXS8Oo0OUnUE0LzYK9AFJ6la8.br.js → 200 (9ms, -983B)
[2026-07-11T05:50:24.073Z] GET https://r.bing.com/rp/-ICpNDkT9Y-AM9LUhR49rNhH2oo.br.js → 200 (14ms, -986B)
[2026-07-11T05:50:24.091Z] GET https://r.bing.com/rs/4s/3T/cir3,cc,nc/inKqjZb7BBrOYwHLzCiWzAwJAZs.css?or=w → 200 (47ms, 529B)
[2026-07-11T05:50:24.091Z] GET https://r.bing.com/rs/4s/44/cc,nc/SfJ6raSq1fhuhhfFXPVdwEdJvkY.css?or=w → 200 (59ms, 310B)
[2026-07-11T05:50:24.091Z] GET https://r.bing.com/rs/4s/3e/cc,nc/RxnQtSv3YDXTp2Pi1BT-ojVQhss.css?or=w → 200 (59ms, 367B)
[2026-07-11T05:50:24.091Z] GET https://r.bing.com/rs/4s/3W/cir3,cc,nc/eyf7iYpkU1E7D0Itcc4XVcbdbLc.css?or=w → 200 (58ms, 304B)
[2026-07-11T05:50:24.091Z] GET https://r.bing.com/rp/MFCea3lBZtF5AAN0Slj6qpivo78.br.js → 200 (60ms, 4125B)
[2026-07-11T05:50:24.097Z] GET https://r.bing.com/rp/O-ejpxJOK4ur1-qUtpPRk7Z6wj0.br.js → 200 (1ms, -952B)
[2026-07-11T05:50:24.100Z] GET https://r.bing.com/rp/4a2l6ts7ENpX5gGW0kp5U2iD6h8.br.js → 200 (2ms, -984B)
[2026-07-11T05:50:24.104Z] GET https://r.bing.com/rp/eKvcHdnNwo1WcxoSioV4ztnfZk8.br.js → 200 (5ms, -960B)
[2026-07-11T05:50:24.112Z] GET https://r.bing.com/rp/CGp82zzRFpyGUKY98xX-82Jg8zs.br.css → 200 (2ms, -905B)
[2026-07-11T05:50:24.112Z] GET https://r.bing.com/rp/Af6_gkc-M8sTvvCoMgvEz8cPNMA.br.js → 200 (4ms, -955B)
[2026-07-11T05:50:24.119Z] GET https://r.bing.com/rp/MicXn58E9O2d9myy2AkyWVxfKMM.br.js → 200 (1ms, -955B)
[2026-07-11T05:50:24.121Z] GET https://r.bing.com/rp/72SKcnOYNsjv6ytAEeI1oFG37Rg.br.js → 200 (4ms, -963B)
[2026-07-11T05:50:24.137Z] GET https://r.bing.com/rp/ngUTcJtv7sjHF74PweBPO8yGyxQ.br.js → 200 (2ms, -962B)
[2026-07-11T05:50:24.141Z] GET https://r.bing.com/rs/5T/uj/cir3,cc,nc/NA01FcDoQNBG4hrb0M_2gwXhWHc.css?or=w → 200 (2ms, -1852B)
[2026-07-11T05:50:24.141Z] GET https://r.bing.com/rp/plg8Vjg73xWgvghRRhfTuxFRKVk.br.js → 200 (3ms, -960B)
[2026-07-11T05:50:24.144Z] GET https://r.bing.com/rp/-2EVJNDwymhr08bVch00GwpjiDA.br.js → 200 (7ms, -938B)
[2026-07-11T05:50:24.166Z] POST https://www.bing.com/web/xlsc.aspx?dl=1&f=8 → 204 (95ms, 11B)
[2026-07-11T05:50:24.168Z] GET https://www.bing.com/search?q=%22Order+No.+182%2C101%22+mobile+food+facility+sfpublicworks&rdr=1&rdrig=C03C5B4C09D0439584C22C18F1CC910F → 200 (116ms, 40751B)
[2026-07-11T05:50:24.173Z] GET https://r.bing.com/rp/sFimhBArfMZHcl-5WgxCSMTEqJQ.br.js → 200 (69ms, 29110B)
[2026-07-11T05:50:24.174Z] GET https://r.bing.com/rp/F9ya6E3sghxzDhnC7u30wctxmxI.br.js → 200 (67ms, 5691B)
[2026-07-11T05:50:24.174Z] GET https://r.bing.com/rp/VEMnCUiUePvzfxaMLBTBGQDo_Sc.br.js → 200 (80ms, 19261B)
[2026-07-11T05:50:24.178Z] GET https://www.bing.com/fd/auth/signin/v2?action=interactive&isSilent=true → 302 (109ms, 1B)
[2026-07-11T05:50:24.181Z] GET https://r.bing.com/rb/4H/cir3,cc,nc/mTKsPNrBBsR630ZiwRcmFicEm90.css?bu=CKkCyQOJBPICrQKnBKoEswI&or=w → 200 (3ms, -1853B)
[2026-07-11T05:50:24.181Z] GET https://r.bing.com/rb/4H/cir3,cc,nc/4sQXg2nHpBvkdXSz16GDSK5EFlU.css?bu=BO8DoASeBLUD&or=w → 200 (4ms, -1853B)
[2026-07-11T05:50:24.186Z] GET https://www.bing.com/fd/ls/l?IG=C03C5B4C09D0439584C22C18F1CC910F&CID=191D715C40B86AD7385D66CF41E76B7F&Type=Event.PPT&DATA={%22S%22:958,%22E%22:1528,%22T%22:0,%22I%22:0,%22N%22:{},%22M%22:{}}&P=SERP&DA=SJCE01&dl=5 → 200 (76ms, 11B)
[2026-07-11T05:50:24.288Z] GET https://login.microsoftonline.com/consumers/oauth2/v2.0/authorize?client_id=077c9b95-2f57-4442-8872-134fcc08fcb3&redirect_uri=https%3A%2F%2Fwww.bing.com%2Fidentity%2Fidtokenv2&response_type=code&prompt=none&scope=openid%20profile%20email%20offline_access&code_challenge=hN4U1HfswuofIfEWYccJkHEU0Yl_-Vmb2NEWxCdAeq8&code_challenge_method=S256&response_mode=form_post&nonce=639193458234620836.M2FjYWU2NGMtZDBkMS00ZjIwLWIyNWItMzI4N2JiMTc4NWZkN2ZhNDZkNDAtNTQ5Mi00OWM1LTkyZDMtMTc0ZmVjZTJjYWFl&client_info=1&x-client-brkrver=IDWeb.4.1.1.0&siwa=1&siwg=1&state=CfDJ8A8rLfEh4ZdMhJ19YNJ4FtToQxro1sMAnmVwgz8b0wTt2A5EIxkZG46wJJZrCHw-ANSm1HSH7dl57G_91JTRJlKr1Cl8QfoYoAikGH23QhPXW0kX_gXdOGA-N8a1DoHSRWtlWfPFzZKeTj7VCZTXWyTyEFTs7FC5CsQAFrYSrPQYyfDnTjFlUYiqSeXV7IRHzNg3zMFxC_EgsCZKqLF1H0MkvIy1X01U2eqOg2DJe8ZzaBzyAhC1e7e2bZsxJ2BNbvuxAPoY10rox5eCZbXtwId-CfRPrBoeZxN0MXQ-YxTEz5kmlDg391bZSUuipk3c5IEY-Z3E5TH5nmfkiILzAzm1LrWBsoOLMHmru68hnhwGbDtZY2MkRbdKOB9ps15ejtE-Q0D61FSO7NOxpeYJ14zB04yM4wIrnDIIWC5e7LIfyizJCX1z9YmNnwv6hVAF_Q&x-client-SKU=ID_NET10_0&x-client-ver=8.15.0.0 → pending (?ms, ?B)
[2026-07-11T05:50:24.317Z] POST https://www.bing.com/web/xlsc.aspx?dl=1&f=8 → pending (?ms, ?B)
[2026-07-11T05:50:24.318Z] POST https://www.bing.com/web/xlsc.aspx?dl=1&f=8 → pending (?ms, ?B)
[2026-07-11T05:50:24.318Z] POST https://www.bing.com/web/xlsc.aspx?dl=1&f=8 → pending (?ms, ?B)
[2026-07-11T05:50:24.335Z] GET https://r.bing.com/rs/5T/4A/cc,nc/dHh0YRAf6hmaCYSPwqut3Z1i8AA.css?or=w → 200 (?ms, -1527B)
[2026-07-11T05:50:24.335Z] GET https://r.bing.com/rs/5T/4d/cc,nc/SfR2Wg95CO-qcoM_waKy0GTC1lA.css?or=w → 200 (?ms, -1852B)
[2026-07-11T05:50:24.336Z] GET https://r.bing.com/rs/5T/4w/cc,nc/bv63bAj6cNRe_Oi1ctzmAcJYn4Y.css?or=w → 200 (232ms, 165B)
[2026-07-11T05:50:24.336Z] GET https://r.bing.com/rs/4/10/cc,nc/HRXc0Ol4mny16Z0L2YjjdOUNhJI.css?or=w → 200 (4ms, -1528B)
[2026-07-11T05:50:24.341Z] GET https://r.bing.com/rs/4/14/cc,nc/XY1jJ6klaUWi4F3_c_4HR_oQdGE.css?or=w → 200 (?ms, -1527B)
[2026-07-11T05:50:24.341Z] GET https://r.bing.com/rs/4/18/cc,nc/m6GZivkZTxxG1Uz__10V98VUSi0.css?or=w → 200 (1ms, -1527B)
[2026-07-11T05:50:24.342Z] GET https://r.bing.com/rs/4/1o/cc,nc/dpaXuSJlaIdMQpQGH2UEsBGB_W0.css?or=w → 200 (?ms, -1527B)
[2026-07-11T05:50:24.342Z] GET https://r.bing.com/rs/4/g4/cc,nc/KGkGR9O_9-_z3gmjZgc_n5ed54k.css?or=w → 200 (?ms, -1527B)
[2026-07-11T05:50:24.342Z] GET https://r.bing.com/rs/4/gG/cc,nc/ra8pg6BSE7Mw5MI3_aBRhW_HwtM.css?or=w → 200 (?ms, -1527B)
[2026-07-11T05:50:24.343Z] GET https://r.bing.com/rs/4/gI/cc,nc/zSceO6IS0K6V2RMeAWIyJ9FAPvg.css?or=w → 200 (?ms, -1528B)
[2026-07-11T05:50:24.343Z] GET https://r.bing.com/rs/4/gO/cc,nc/4R7adfHf6e8rieniGCddPNsyHBI.css?or=w → 200 (?ms, -1528B)
[2026-07-11T05:50:24.343Z] GET https://r.bing.com/rs/4/jA/cc,nc/RkpQSVjJoNS307YmBaqAKKAl5eM.css?or=w → 200 (?ms, -1528B)
[2026-07-11T05:50:24.343Z] GET https://r.bing.com/rp/mMJ0CUkwyy0mI6mvMF0oBcc6tts.br.css → 200 (1ms, -912B)
[2026-07-11T05:50:24.344Z] GET https://r.bing.com/rb/5V/cc,nc/v-ink1ufdbbEmWQ3BU82QC8scyg.css?bu=AZ8L&or=w → 200 (?ms, -1852B)
[2026-07-11T05:50:24.344Z] GET https://r.bing.com/rb/5V/cc,nc/wlO4TSp30X_-acjYhMjsnKH_mJ8.css?bu=IW9vxQfzB2-DCKoI8Aj3CIoJb2-tCtYN7Q1v1w6KEG9vqA6rBK4Eb1GWAcEDb5savhpvb7wD&or=w → 200 (?ms, -1853B)
[2026-07-11T05:50:24.344Z] GET https://r.bing.com/rp/vphmvifmlDJFSop-XZMQJ_Z4Ji4.br.css → 200 (?ms, -911B)
[2026-07-11T05:50:24.345Z] GET https://r.bing.com/rb/5V/cir3,cc,nc/_WeO6r560kiNZaD3TmGh9SA1QdQ.css?bu=EI8RihLYEuISnROaFPMU-RTxFb8VxhKrEW-bFW-MFQ&or=w → 200 (?ms, -1853B)
[2026-07-11T05:50:24.345Z] GET https://r.bing.com/rs/5T/3d/cc,nc/SxXkarLThNItIjv1QYI-2ahPJZk.css?or=w → 200 (?ms, -1528B)
[2026-07-11T05:50:24.346Z] GET https://r.bing.com/rb/5T/cir3,cc,nc/eibzzB2zwLwuwRCjCZ8a25Btxts.css?bu=BdcVtBX1Fe8WhQE&or=w → 200 (?ms, -1507B)
[2026-07-11T05:50:24.346Z] GET https://r.bing.com/rs/5T/Lv/cc,nc/OiTx_w5ZPNmrXxBD0baM1zXSrbM.css?or=w → 200 (?ms, -1528B)
[2026-07-11T05:50:24.347Z] GET https://r.bing.com/rp/sYefotpYMNWzb_He9_CKuZS3Nug.br.css → 200 (?ms, -935B)
[2026-07-11T05:50:24.347Z] GET https://r.bing.com/rp/aWcvNmbBScgv7y8smTMInr1pX1k.br.css → 200 (?ms, -880B)
[2026-07-11T05:50:24.347Z] GET https://r.bing.com/rp/LO6hIQzlpxp11-mqop5V-O7yr4A.br.css → 200 (?ms, -912B)
[2026-07-11T05:50:24.348Z] GET https://r.bing.com/rs/5T/LC/cc,nc/FoC2MBMceIs80cUahTdIUje4-Mk.css?or=w → 200 (?ms, -1506B)
[2026-07-11T05:50:24.348Z] GET https://r.bing.com/rp/LUPlDdMK7UC0ozX7r78lkD892sc.br.css → 200 (?ms, -911B)
[2026-07-11T05:50:24.348Z] GET https://r.bing.com/rs/5T/bj/cc,nc/dasqSyz63ykXo1rNdXhKeVgJuLE.css?or=w → 200 (8ms, -1852B)
[2026-07-11T05:50:24.356Z] GET https://r.bing.com/rb/5T/cir3,cc,nc/YOQWLL8b80COTRaRTUsUgyMu24A.css?bu=ApMYrxg&or=w → 200 (?ms, -1853B)
[2026-07-11T05:50:24.357Z] GET https://r.bing.com/rp/4PNPeKhdkXroGBUF4pWtVwUpXZg.br.css → 200 (?ms, -912B)
[2026-07-11T05:50:24.357Z] GET https://r.bing.com/rp/wo6buArPgY0EkkAhbMc7EoHe4fQ.br.css → 200 (?ms, -944B)
[2026-07-11T05:50:24.358Z] GET https://r.bing.com/rs/5T/1r8/cc,nc/cQK6YehKAp_nCVfrmuIKwRzzWMc.css?or=w → 200 (?ms, -1851B)
[2026-07-11T05:50:24.358Z] GET https://r.bing.com/rs/2G/N/cc,nc/HUEH797DIe8z-cwNfE6VHV9W4FI.css?or=w → 200 (?ms, -1852B)
[2026-07-11T05:50:24.359Z] GET https://r.bing.com/rs/4s/h1/cc,nc/-uwPpvSfLsFhfo2sT-v3U1uH3Xo.css?or=w → 200 (?ms, -1852B)
[2026-07-11T05:50:24.359Z] GET https://r.bing.com/rp/wczR3URZR4-oWjjc5idYK8_hr54.br.css → 200 (1ms, -911B)
[2026-07-11T05:50:24.360Z] GET https://r.bing.com/rp/QA01mMR8jFPRQt-lGbR2aB5c8N8.br.css → 200 (?ms, -912B)
[2026-07-11T05:50:24.360Z] GET https://r.bing.com/rs/5T/1mP/cc,nc/pHmOVEqTZHoRq6L52AVyBujQxGU.css?or=w → 200 (?ms, -1852B)
[2026-07-11T05:50:24.361Z] GET https://r.bing.com/rs/5T/1md/cc,nc/9FNAH2FDxWtpqARABkKgIPJjKX0.css?or=w → 200 (?ms, -1852B)
[2026-07-11T05:50:24.361Z] GET https://r.bing.com/rs/5T/1hL/cc,nc/d3MKWhpO9CLwpaouWQFhEfFRkC4.css?or=w → 200 (?ms, -1852B)
[2026-07-11T05:50:24.362Z] GET https://r.bing.com/rs/5T/1hz/cir3,cc,nc/lANMik3NlfVUQCBcZ3iigLENyxc.css?or=w → 200 (?ms, -1852B)
[2026-07-11T05:50:24.363Z] GET https://r.bing.com/rs/5T/1hR/cir3,cc,nc/bmw-a2aAilQKEULUrrp-mZjCL20.css?or=w → 200 (?ms, -1852B)
[2026-07-11T05:50:24.363Z] GET https://r.bing.com/rs/5T/pp/cir3,cc,nc/uo8l_8vMv_prnO2OFOIn62NKK9I.css?or=w → 200 (?ms, -1505B)
[2026-07-11T05:50:24.363Z] GET https://r.bing.com/rs/5T/1lQ/cc,nc/vz6dRcgrs5SJNxKwOJOuzho628c.css?or=w → 200 (?ms, -1851B)
[2026-07-11T05:50:24.364Z] GET https://r.bing.com/rp/sd09ZoqYFtYgki8gbUcaMRzc1N4.br.css → 200 (?ms, -910B)
[2026-07-11T05:50:24.364Z] GET https://r.bing.com/rp/FKS192HHDePhRBlTY1nt1-W0c_Q.br.css → 200 (?ms, -880B)
[2026-07-11T05:50:24.364Z] GET https://www.bing.com/rp/G4zs3GwQ49RV2fotjF7gr1LGo2k.br.js → 200 (6ms, -898B)
[2026-07-11T05:50:24.371Z] GET https://r.bing.com/rp/b0wb-PPG5V2NYLlQshXcY-UkPwk.br.js → 200 (?ms, -904B)
[2026-07-11T05:50:24.381Z] GET https://r.bing.com/rs/4/7/cc,nc/subLxTb7u3F7TIT50B66H1QD28I.css?or=w → 200 (?ms, -1528B)
[2026-07-11T05:50:24.382Z] GET https://r.bing.com/rs/4/e/cc,nc/wgFVGa7g8sfe_ycPGGR-qspJzv8.css?or=w → 200 (?ms, -1527B)
[2026-07-11T05:50:24.382Z] GET https://r.bing.com/rs/4/o/cc,nc/XNzamTTrJtRNh2HS09eCNoFGHk4.css?or=w → 200 (?ms, -1528B)
[2026-07-11T05:50:24.382Z] GET https://r.bing.com/rs/4/W/cc,nc/X4bDwurSJyqY-DKKAjIsTHBDoGw.css?or=w → 200 (1ms, -1528B)
[2026-07-11T05:50:24.383Z] GET https://r.bing.com/rs/4/Y/cc,nc/cUG38_RNQ36D7zDaC9NTOlMu83w.css?or=w → 200 (?ms, -1527B)
[2026-07-11T05:50:24.384Z] GET https://r.bing.com/rs/4/6e/cc,nc/nI08w6N8jhrY2wDSytZ2AC7UgSA.css?or=w → 200 (?ms, -1528B)
[2026-07-11T05:50:24.384Z] GET https://r.bing.com/rs/4/6i/cc,nc/2JbRhA4tc8Dwn6W_bLgFHDTDo1o.css?or=w → 200 (?ms, -1528B)
[2026-07-11T05:50:24.384Z] GET https://r.bing.com/rs/4/6s/cc,nc/_ugksdJLaoxUEvsa8alT4BTM5NI.css?or=w → 200 (?ms, -1529B)
[2026-07-11T05:50:24.385Z] GET https://r.bing.com/rs/4/6Y/cc,nc/1NXA4uXFrexLs_h5hFOoFwCXQvE.css?or=w → 200 (?ms, -1528B)
[2026-07-11T05:50:24.385Z] GET https://r.bing.com/rs/4/fU/cc,nc/mcCrZWz3NY5gjJewmcPIkLZ3h5c.css?or=w → 200 (?ms, -1528B)
[2026-07-11T05:50:24.386Z] GET https://r.bing.com/rs/4/fY/cc,nc/DqyoN9ve4F95kcuTmzWN4ugdtaY.css?or=w → 200 (?ms, -1528B)
[2026-07-11T05:50:24.386Z] GET https://r.bing.com/rs/4/g2/cc,nc/aQpM49nLjBZOa7Hv5tE5F2T06y4.css?or=w → 200 (?ms, -1527B)
[2026-07-11T05:50:24.387Z] GET https://r.bing.com/rs/4/g8/cc,nc/Gi5outXoe5_J3R_zgxEjzv9uu7o.css?or=w → 200 (?ms, -1527B)
[2026-07-11T05:50:24.388Z] GET https://r.bing.com/rs/4/ga/cc,nc/V-vQwNTizuJEc03TGIkO2Lja8Xg.css?or=w → 200 (?ms, -1527B)
[2026-07-11T05:50:24.388Z] GET https://r.bing.com/rs/4/gk/cc,nc/nhGxCCiZWVyh7cmBIQhGY2zde7o.css?or=w → 200 (?ms, -1528B)
[2026-07-11T05:50:24.388Z] GET https://r.bing.com/rs/4/gA/cc,nc/2ms6PozTyQH0w_c-77AHT7rZZfI.css?or=w → 200 (?ms, -1528B)
[2026-07-11T05:50:24.389Z] GET https://r.bing.com/rs/4/mG/cc,nc/x49L2j72FppcfdX2pwL2vqpnObg.css?or=w → 200 (?ms, -1528B)
[2026-07-11T05:50:24.389Z] GET https://r.bing.com/rs/4/mI/cc,nc/SMoyWwBk7AmKoO-r86uLLL9IdgU.css?or=w → 200 (17ms, -1528B)
[2026-07-11T05:50:24.407Z] GET https://r.bing.com/rs/4/mO/cc,nc/c3lIa0HUZaz7XLMDar_ubnie80g.css?or=w → 200 (?ms, -1528B)
[2026-07-11T05:50:24.407Z] GET https://r.bing.com/rs/4/ns/cc,nc/NuLs3-4BKxHwNxeEOvcShsTFH6Y.css?or=w → 200 (?ms, -1528B)
[2026-07-11T05:50:24.408Z] GET https://r.bing.com/rs/4/xe/cc,nc/qKG05WI44bkdWuSvR64m-KDTmgY.css?or=w → 200 (?ms, -1528B)
[2026-07-11T05:50:24.408Z] GET https://r.bing.com/rs/4/xg/cc,nc/kuNkCBJ8oJzWc4USu6ZS8EBn5JA.css?or=w → 200 (?ms, -1528B)
[2026-07-11T05:50:24.408Z] GET https://r.bing.com/rs/5T/4D/cc,nc/VZoFV9s35xjYakNRNUAa5xixDmY.css?or=w → 200 (1ms, -1851B)
[2026-07-11T05:50:24.409Z] GET https://r.bing.com/rp/d1CTdFN2PzYdPJfj02hT834p0CA.br.css → 200 (?ms, -909B)
[2026-07-11T05:50:24.409Z] GET https://r.bing.com/rp/RuJsq8eAYqkavNQ_kj9tyr6ZZ4U.br.css → 200 (?ms, -911B)
[2026-07-11T05:50:24.409Z] GET https://r.bing.com/rp/jtpxBePsvUFmTZwzC-m3R5yrkho.br.css → 200 (?ms, -911B)
[2026-07-11T05:50:24.410Z] GET https://r.bing.com/rp/ePcj8EzRbToipkYHrdWvAv_CReY.br.css → 200 (?ms, -910B)
[2026-07-11T05:50:24.410Z] GET https://r.bing.com/rp/pOT5RmYJAe2Oo_7Nsf7nd3HvIjU.br.css → 200 (?ms, -909B)
[2026-07-11T05:50:24.410Z] GET https://r.bing.com/rp/r1W3Us9sqNEEDTV-z9ivBVemdOs.br.css → 200 (?ms, -880B)
[2026-07-11T05:50:24.411Z] GET https://r.bing.com/rp/rcJx5DodqqK-wxOI4K71tEgPVuE.br.css → 200 (?ms, -912B)
[2026-07-11T05:50:24.411Z] GET https://r.bing.com/rb/4Q/cc,nc/J_tUzBdnrg-qe7OZGXNsVKq_YLY.css?bu=AqoRvRE&or=w → 200 (?ms, -1507B)
[2026-07-11T05:50:24.411Z] GET https://r.bing.com/rs/4J/y/cc,nc/lc44kvJbSFClgrui80iLCiq6wS0.css?or=w → 200 (?ms, -1852B)
[2026-07-11T05:50:24.412Z] GET https://r.bing.com/rs/4e/eG/cc,nc/-G_YKFrphkyl83D0HTgpMefXo7c.css?or=w → 200 (?ms, -1851B)
[2026-07-11T05:50:24.412Z] GET https://r.bing.com/rs/4e/fS/cc,nc/Md9t-VwqRroJrBwvmyQ1fJJEXqQ.css?or=w → 200 (?ms, -1852B)
[2026-07-11T05:50:24.412Z] GET https://r.bing.com/rs/4e/ef/cc,nc/6-ByWAH57F8jj46-XVPtHR2n3Og.css?or=w → 200 (?ms, -1852B)
[2026-07-11T05:50:24.412Z] GET https://r.bing.com/rs/4e/dX/cir3,cc,nc/5gFAL7Id0yWkqqPO1crOKHL1NzM.css?or=w → 200 (11ms, -1853B)
[2026-07-11T05:50:24.424Z] GET https://r.bing.com/rs/5Z/Jo/cc,nc/ThBGCIdM7xR9bMgK2_mTcZBKJWo.css?or=w → 200 (?ms, -1852B)
[2026-07-11T05:50:24.424Z] GET https://r.bing.com/rs/5Z/Jr/cc,nc/qcYlxqUVoG6wDSdBGrbKI_U4rrc.css?or=w → 200 (?ms, -1691B)
[2026-07-11T05:50:24.424Z] GET https://r.bing.com/rs/5Z/pB/cc,nc/HAb4VzEDmsAqEVOXboBq2LA7rfk.css?or=w → 200 (1ms, -1690B)
[2026-07-11T05:50:24.425Z] GET https://r.bing.com/rs/5Z/oz/cc,nc/Hw2A9r7gYIeNnkorOsH6LRi6dK0.css?or=w → 200 (?ms, -1851B)
[2026-07-11T05:50:24.426Z] GET https://r.bing.com/rs/5Z/oJ/cc,nc/5R05maPk-bYXBEJRTh3MpR6Hyo4.css?or=w → 200 (?ms, -1852B)
[2026-07-11T05:50:24.426Z] GET https://r.bing.com/rs/5Z/6l/cir3,cc,nc/xI7APxHEFbZQw9wCH_UiR6jMb4Q.css?or=w → 200 (?ms, -1506B)
[2026-07-11T05:50:24.426Z] GET https://r.bing.com/rs/5Z/4o/cir3,cc,nc/T7Se5boKmcj-z3f329uZQbwymvY.css?or=w → 200 (?ms, -1527B)
[2026-07-11T05:50:24.426Z] GET https://r.bing.com/rs/5Z/3T/cc,nc/cU6FQQNV68haiyFfNvVN_GkM3mo.css?or=w → 200 (?ms, -1528B)
[2026-07-11T05:50:24.426Z] GET https://r.bing.com/rs/5Z/55/cir3,cc,nc/yxbM3Sd2R1N4rBDSqoattkdFsgE.css?or=w → 200 (?ms, -1527B)
[2026-07-11T05:50:24.426Z] GET https://r.bing.com/rs/5Z/av/cc,nc/2Ejq51Q1OBwCo3JPiW_-ydb0r0Y.css?or=w → 200 (?ms, -1691B)
[2026-07-11T05:50:24.427Z] GET https://r.bing.com/rs/5Z/8G/cir3,cc,nc/rv4GY1jA997-pLQi7hV3t6BuR4Q.css?or=w → 200 (?ms, -1852B)
[2026-07-11T05:50:24.427Z] GET https://r.bing.com/rs/5Z/4b/cir3,cc,nc/hBK1_2xhnG8R8vJ2Hlzo6KwsYS4.css?or=w → 200 (?ms, -1691B)
[2026-07-11T05:50:24.427Z] GET https://r.bing.com/rp/GwvTDzr-_7Ipq8Y_s09cnrmtIeY.br.css → 200 (?ms, -879B)
[2026-07-11T05:50:24.428Z] GET https://r.bing.com/rs/5Z/iO/cc,nc/4OlqWNHbEtcrJKzIo3cIu60HGhM.css?or=w → 200 (?ms, -1689B)
[2026-07-11T05:50:24.428Z] GET https://r.bing.com/rs/5Z/jb/cc,nc/dUofHZzWHvvJpQR9jnGCR6HFBJE.css?or=w → 200 (?ms, -1691B)
[2026-07-11T05:50:24.428Z] GET https://r.bing.com/rs/5Z/kf/cc,nc/f4JvMZOsPFYyjCyDnZsT7VeJz3o.css?or=w → 200 (?ms, -1690B)
[2026-07-11T05:50:24.428Z] GET https://r.bing.com/rp/xiLiwvf1fPHGHn1FtpBZ7OjyW7k.br.css → 200 (?ms, -911B)
[2026-07-11T05:50:24.429Z] GET https://r.bing.com/rb/3U/cc,nc/r6KjdhIcY0vRnVja4Yojc7Y1VOI.css?bu=Au4B7wE&or=w → 200 (?ms, -1852B)
[2026-07-11T05:50:24.429Z] GET https://r.bing.com/rp/tH67fvQiF0nalrIJQQCukA-8_u4.br.css → 200 (?ms, -910B)
[2026-07-11T05:50:24.429Z] GET https://r.bing.com/rs/4H/67/cc,nc/r7Bn93b_dg4yYxtyjUytqakmnOo.css?or=w → 200 (?ms, -1852B)
[2026-07-11T05:50:24.430Z] GET https://r.bing.com/rp/6QcrwwIu0-4_N7YO3otOlZh0iEg.br.js → 200 (?ms, -960B)
[2026-07-11T05:50:24.430Z] GET https://r.bing.com/rp/C_c5gjtK4f01O4LfPUZBkQROMF4.br.js → 200 (?ms, -958B)
[2026-07-11T05:50:24.436Z] GET https://r.bing.com/rp/7xJHoaPMPrE8RaLHLYedT4Q20b0.br.js → 200 (?ms, -913B)
[2026-07-11T05:50:24.436Z] GET https://r.bing.com/rp/FIrq4n7XJcH-bxJlHvalz0nETAA.br.js → 200 (1ms, -957B)
[2026-07-11T05:50:24.601Z] GET https://r.bing.com/rp/CGp82zzRFpyGUKY98xX-82Jg8zs.br.css → 200 (19ms, -905B)
[2026-07-11T05:50:24.602Z] GET https://r.bing.com/rb/4H/cir3,cc,nc/mTKsPNrBBsR630ZiwRcmFicEm90.css?bu=CKkCyQOJBPICrQKnBKoEswI&or=w → 200 (19ms, -1853B)
[2026-07-11T05:50:24.602Z] GET https://r.bing.com/rb/4H/cir3,cc,nc/4sQXg2nHpBvkdXSz16GDSK5EFlU.css?bu=BO8DoASeBLUD&or=w → 200 (19ms, -1853B)
[2026-07-11T05:50:24.602Z] GET https://r.bing.com/rs/5T/uj/cir3,cc,nc/NA01FcDoQNBG4hrb0M_2gwXhWHc.css?or=w → 200 (19ms, -1852B)
[2026-07-11T05:50:24.617Z] GET https://r.bing.com/rp/EX_mgILPdYtFnI-37m1pZn5YKII.png → 200 (1ms, -860B)
[2026-07-11T05:50:24.623Z] GET https://www.bing.com/fd/ls/l?IG=EFB8A43DC1CA4D4DB8290DDB88B6796A&Type=Event.CPT&DATA={%22pp%22:{%22S%22:%22L%22,%22FC%22:254,%22BC%22:254,%22SE%22:-1,%22TC%22:-1,%22H%22:262,%22BP%22:278,%22CT%22:282,%22IL%22:1},%22ad%22:[-1,-1,1280,720,1280,1748,0],%22net%22:%22undefined%22}&P=SERP&DA=SJCE01&MN=SERP&dl=5 → pending (?ms, ?B)
[2026-07-11T05:50:24.631Z] GET https://r.bing.com/rs/6r/gm/jnc,nj/tlifxqsNyCzxIJnRwtQKuZToQQw.js?or=w → pending (?ms, ?B)
[2026-07-11T05:50:24.631Z] GET https://r.bing.com/rp/F9KWm14VPnDVIwncNkXY4lqr8pQ.br.js → pending (?ms, ?B)
[2026-07-11T05:50:24.631Z] GET https://r.bing.com/rp/Tzi0lFhZU13XYuDY050dWBV6DfQ.br.js → pending (?ms, ?B)
[2026-07-11T05:50:24.631Z] GET https://r.bing.com/rp/IeR-599UBJuseT658p8awKkSjaw.br.js → pending (?ms, ?B)
[2026-07-11T05:50:24.632Z] GET https://r.bing.com/rp/-V5wTZcrW0CU8Mo8ihfH5VDKems.br.js → pending (?ms, ?B)
[2026-07-11T05:50:24.632Z] GET https://r.bing.com/rp/xcSIsTDS1yhrulkVnoR1WFVhdrI.br.js → pending (?ms, ?B)
[2026-07-11T05:50:24.632Z] GET https://r.bing.com/rp/ikHX-hlyfHuZmHc50q1pcAAQP5E.br.js → pending (?ms, ?B)
[2026-07-11T05:50:24.633Z] GET https://r.bing.com/rp/En6blPJcqovigCz6Ix1FLnXHt24.br.js → pending (?ms, ?B)
[2026-07-11T05:50:24.633Z] GET https://r.bing.com/rp/0Tfs80oEbRYDgF7ylLj21W9MXHU.br.js → pending (?ms, ?B)
[2026-07-11T05:50:24.633Z] GET https://r.bing.com/rp/cfKt7bw67nxWZkkgOIRReDE3rQI.br.js → pending (?ms, ?B)
[2026-07-11T05:50:24.634Z] GET https://r.bing.com/rp/6wBFuewIOH06q9w4Bw8z-SKiip4.br.js → pending (?ms, ?B)
[2026-07-11T05:50:24.634Z] GET https://r.bing.com/rs/6r/gm/jnc,nj/tlifxqsNyCzxIJnRwtQKuZToQQw.js?or=w → pending (?ms, ?B)
[2026-07-11T05:50:24.634Z] GET https://r.bing.com/rp/fYa4G4wbz4PjD3tZaW3pycMuo2c.br.js → pending (?ms, ?B)
[2026-07-11T05:50:24.634Z] GET https://r.bing.com/rb/4Q/jnc,nj/cKzGnam6-Fytml03VT3ixBZ9tTs.js?bu=A5A0kzSWNA&or=w → pending (?ms, ?B)
[2026-07-11T05:50:24.634Z] GET https://r.bing.com/rp/qwce00QJxdHzNxXh5H1mBc8QgBU.br.js → pending (?ms, ?B)
[2026-07-11T05:50:24.634Z] GET https://r.bing.com/rp/rJAhQDJ7mcmc690pfjItaDhmv18.br.js → pending (?ms, ?B)
[2026-07-11T05:50:24.634Z] GET https://r.bing.com/rp/Y-IofXCiouangPfEhpp6Z_AOYcM.br.js → pending (?ms, ?B)
[2026-07-11T05:50:24.635Z] GET https://r.bing.com/rp/B41j9eGM1DLNjQd-XrgY_sctGDk.br.js → pending (?ms, ?B)
[2026-07-11T05:50:24.635Z] GET https://r.bing.com/rp/KV4_sSSBz1cEDJbhKamlGr9ClBw.br.js → pending (?ms, ?B)
[2026-07-11T05:50:24.635Z] GET https://r.bing.com/rp/PwjTjLAwycFuq4i8wD3bcxhdgN8.br.js → pending (?ms, ?B)
[2026-07-11T05:50:24.635Z] GET https://r.bing.com/rp/6r0416GnMn0B1a7ZAYesBCElPxc.br.js → pending (?ms, ?B)
[2026-07-11T05:50:24.636Z] GET https://r.bing.com/rp/Qj1qM0JDuM3J3-o_UUl5XOSD1y8.br.js → pending (?ms, ?B)
[2026-07-11T05:50:24.636Z] GET https://r.bing.com/rs/6r/gm/jnc,nj/tlifxqsNyCzxIJnRwtQKuZToQQw.js?or=w → pending (?ms, ?B)
[2026-07-11T05:50:24.637Z] GET https://r.bing.com/rp/TsKGnfqxqwIZ0qgW31yPMZd85P8.br.js → pending (?ms, ?B)
[2026-07-11T05:50:24.637Z] GET https://r.bing.com/rs/6r/ro/jnc,nj/PqrqelWWRvUSnVWCeG5Pdh9wBEU.js?or=w → pending (?ms, ?B)
[2026-07-11T05:50:24.637Z] GET https://r.bing.com/rp/F_NjvIijiBhzfbsy0TKV9gOkTWE.br.js → pending (?ms, ?B)
[2026-07-11T05:50:24.637Z] GET https://r.bing.com/rp/mf3B6bT-FFOeYD0GC4z6ZBsLW6M.br.js → pending (?ms, ?B)
[2026-07-11T05:50:24.637Z] GET https://r.bing.com/rp/NN38hWBGghpmyTXZRzxNyuDQOh0.br.js → pending (?ms, ?B)
[2026-07-11T05:50:24.637Z] GET https://r.bing.com/rp/vMDvWdmF46n6kUNBfdmqXrDYoGI.br.js → pending (?ms, ?B)
[2026-07-11T05:50:24.637Z] GET https://r.bing.com/rp/K2n5cK_TUigbMh3ulWRwsTAVcJI.br.js → pending (?ms, ?B)
[2026-07-11T05:50:24.637Z] GET https://r.bing.com/rp/sb8zw1e0EplVxmFf8G12Kosj03E.br.js → pending (?ms, ?B)
[2026-07-11T05:50:24.637Z] GET https://r.bing.com/rp/HuFcgBA_2XForBQE_eZtVYzLk2M.br.js → pending (?ms, ?B)
[2026-07-11T05:50:24.637Z] GET https://r.bing.com/rs/6r/lL/nj/EmG-XMIMCcq8zmcVBBO7jkFERAE.js?or=w → pending (?ms, ?B)
[2026-07-11T05:50:24.639Z] GET https://r.bing.com/rp/JLxV1JzWIP7PpLWcqMYVYqMzSmY.br.js → pending (?ms, ?B)
[2026-07-11T05:50:24.639Z] GET https://r.bing.com/rp/yt5G3936XbeOUUYvhktH-Zp37Ac.br.js → pending (?ms, ?B)
[2026-07-11T05:50:24.639Z] GET https://r.bing.com/rp/x1eptL9rX54oAMdUWuiXlU8ClbM.br.js → pending (?ms, ?B)
[2026-07-11T05:50:24.639Z] GET https://r.bing.com/rp/QhINJ5aAulL1ot_r_8dLH_aIfCk.br.js → pending (?ms, ?B)
[2026-07-11T05:50:24.639Z] GET https://r.bing.com/rp/cVhztCgE3ZjlZ4NrICPGsTh1WbQ.br.js → pending (?ms, ?B)
[2026-07-11T05:50:24.639Z] GET https://r.bing.com/rp/eE_nGKc9g6OVIDRu8fYvjIG9Hm0.br.js → pending (?ms, ?B)
[2026-07-11T05:50:24.639Z] GET https://r.bing.com/rp/-vw7138u6_r_Ghx3EGqbgT8a4to.br.js → pending (?ms, ?B)
[2026-07-11T05:50:24.639Z] GET https://r.bing.com/rp/Bhp5McU_G4qFOBSyNu2f3cxDjDg.br.js → pending (?ms, ?B)
[2026-07-11T05:50:24.640Z] GET https://r.bing.com/rs/6r/ue/jnc,nj/a-7oPGogv38O2aNsE2G1jvTy2t8.js?or=w → pending (?ms, ?B)
[2026-07-11T05:50:24.645Z] GET https://r.bing.com/rp/5I0Cuul36Grrwnqn9LpjC23cpQ8.br.js → pending (?ms, ?B)
[2026-07-11T05:50:24.645Z] GET https://r.bing.com/rp/oU3D75fwOKYAqRTtv6cscmsEla8.br.js → pending (?ms, ?B)
[2026-07-11T05:50:24.645Z] GET https://r.bing.com/rp/88F_WFp57AEhbuX2xUzJp0yKLEM.br.js → pending (?ms, ?B)
[2026-07-11T05:50:24.645Z] GET https://r.bing.com/rp/KUj639dFcatHE77xtiTb-KSEsSA.br.js → pending (?ms, ?B)
[2026-07-11T05:50:24.645Z] GET https://r.bing.com/rp/b1xhc3Vl3_FhS-lf4VS_IJJoJF8.br.js → pending (?ms, ?B)
[2026-07-11T05:50:24.645Z] GET https://r.bing.com/rp/TS4x6zoibBZfA9B7sa2wJaRhVNw.br.js → pending (?ms, ?B)
[2026-07-11T05:50:24.645Z] GET https://r.bing.com/rp/6ZpK9fh9cD0LYcXzkYpUR9MV_-g.br.js → pending (?ms, ?B)
[2026-07-11T05:50:24.645Z] GET https://r.bing.com/rp/KLrSbzDKMog0mCiPcB9iwoEvlE4.br.js → pending (?ms, ?B)
[2026-07-11T05:50:24.645Z] GET https://r.bing.com/rp/ClBkzRTD0QLpIATX2q7eWktfr_k.br.js → pending (?ms, ?B)
[2026-07-11T05:50:24.645Z] GET https://r.bing.com/rp/uceaWoHkRefVM5EK1cFT2TcyRm0.br.js → pending (?ms, ?B)
[2026-07-11T05:50:24.645Z] GET https://r.bing.com/rp/AaMNMcbonPOvZZOl4Lx8-gy2CLQ.br.js → pending (?ms, ?B)
[2026-07-11T05:50:24.645Z] GET https://r.bing.com/rp/dILjFnlu3tFtlz3D1HusK2wu9g8.br.js → pending (?ms, ?B)
[2026-07-11T05:50:24.645Z] GET https://r.bing.com/rp/CnuSs8RGmjTsMT91VsxGzD6pvXs.br.js → pending (?ms, ?B)
[2026-07-11T05:50:24.645Z] GET https://r.bing.com/rp/fRSNKQanUHk53F1a1Bi8UA71Qt4.br.js → pending (?ms, ?B)
[2026-07-11T05:50:24.645Z] GET https://r.bing.com/rp/DR3HSCOIEFQKTsP_w1z3exhqKIw.br.js → pending (?ms, ?B)
[2026-07-11T05:50:24.645Z] GET https://r.bing.com/rp/cfKt7bw67nxWZkkgOIRReDE3rQI.br.js → pending (?ms, ?B)
[2026-07-11T05:50:24.645Z] GET https://r.bing.com/rp/xcXoIIPNYmJF-EYrsQBDlqHo36g.br.js → pending (?ms, ?B)
[2026-07-11T05:50:24.645Z] GET https://r.bing.com/rp/uP1dLTYbxyhIP5Ae5ENgyyzxyOc.br.js → pending (?ms, ?B)
[2026-07-11T05:50:24.645Z] GET https://r.bing.com/rp/ERxD1rq0Xd7Fewx2Ys6cWhWRMmk.br.js → pending (?ms, ?B)
[2026-07-11T05:50:24.645Z] GET https://r.bing.com/rp/sJ3s4CcWssN1-yBhgYXI5ztX9tU.br.js → pending (?ms, ?B)
[2026-07-11T05:50:24.651Z] GET https://r.bing.com/rp/Ytxs5tpnCZO__xIrhWwJA-yGHZM.br.js → 200 (115ms, -955B)
[2026-07-11T05:50:24.651Z] GET https://r.bing.com/rs/6r/lx/nj/x-x_v9X2pwR9AlcQef28REZvCsY.js?or=w → 200 (115ms, -1893B)
[2026-07-11T05:50:24.651Z] GET https://r.bing.com/rp/lLk8XmbdNzzlnPRzVzDhaF9yjqw.br.js → 200 (117ms, -926B)
[2026-07-11T05:50:24.651Z] GET https://r.bing.com/rp/Ass0FROa2e9YKJimHNSYJXacvKI.br.js → 200 (117ms, -929B)
[2026-07-11T05:50:24.651Z] GET https://r.bing.com/rp/uYfKaCEKoUJO8QF1Vlmton1QU_Y.br.js → 200 (117ms, -961B)
[2026-07-11T05:50:24.651Z] GET https://r.bing.com/rp/lkM7-j-6lj2mHueJugMSD2pY8kM.br.js → 200 (117ms, -960B)
[2026-07-11T05:50:24.651Z] GET https://r.bing.com/rp/Gyuq2bqitqDJM0BeAkbKXGlQXNw.br.js → 200 (118ms, -937B)
[2026-07-11T05:50:24.651Z] GET https://r.bing.com/rp/n21aGRCN5EKHB3qObygw029dyNU.br.js → 200 (129ms, -984B)
[2026-07-11T05:50:24.652Z] GET https://r.bing.com/rp/hSC2A2u1nPLBLKtx9YeXrNrijSw.br.js → 200 (128ms, -986B)
[2026-07-11T05:50:24.652Z] GET https://r.bing.com/rp/psgXZvzYJMEW2ydikIk493Va1d4.br.js → 200 (129ms, -958B)
[2026-07-11T05:50:24.652Z] GET https://r.bing.com/rs/6r/wg/nj/nt6a1ZR520utsLoZmSYgwxdOPgI.js?or=w → 200 (129ms, -1893B)
[2026-07-11T05:50:24.652Z] GET https://r.bing.com/rp/5L3iD467J3iJWEPwIjxlK0MMDpY.br.js → 200 (129ms, -959B)
[2026-07-11T05:50:24.652Z] GET https://r.bing.com/rp/9Z2GyyGvsKSVNrmOMrTfcv8z_yQ.br.js → 200 (130ms, -960B)
[2026-07-11T05:50:24.652Z] GET https://r.bing.com/rp/K_V1CARn2Q2lTs5njJKUvUkHyi4.br.js → 200 (130ms, -984B)
[2026-07-11T05:50:24.652Z] GET https://r.bing.com/rp/3eHIthF6R2e1ZRdN3zxkF_nk-6w.br.js → 200 (131ms, -986B)
[2026-07-11T05:50:24.652Z] GET https://r.bing.com/rp/EAI2MpbgpapWy3f5CJ0mQ55YzkI.br.js → 200 (132ms, -929B)
[2026-07-11T05:50:24.652Z] GET https://r.bing.com/rp/JTnIefOMiNK7DX11D7RY8i0_PKc.br.js → 200 (132ms, -984B)
[2026-07-11T05:50:24.652Z] GET https://r.bing.com/rp/_Bf8WbhrPNleVJdfG-L0A8nld9c.br.js → 200 (133ms, -959B)
[2026-07-11T05:50:24.652Z] GET https://r.bing.com/rp/75SIhjT7cikNAal0FuI8WHdzWa8.br.js → 200 (133ms, -985B)
[2026-07-11T05:50:24.652Z] GET https://r.bing.com/rp/mOy7YpeLJ3c40BBAFNUI6SmOUTY.br.js → 200 (133ms, -959B)
[2026-07-11T05:50:24.652Z] GET https://r.bing.com/rp/6mZmj1db42G_jniFgdT7MCvBgyA.br.js → 200 (133ms, -959B)
[2026-07-11T05:50:24.652Z] GET https://r.bing.com/rs/6r/kO/jnc,nj/P2A3uGO2O64dixlm8-ndJ5_iyo4.js?or=w → 200 (134ms, -1431B)
[2026-07-11T05:50:24.652Z] GET https://r.bing.com/rp/nHOlLJnFoS8pPI705ikfiw8Z_OI.br.js → 200 (135ms, -985B)
[2026-07-11T05:50:24.652Z] GET https://r.bing.com/rp/npss_9tdJq98UAZWJkmncHMBuno.br.js → 200 (135ms, -954B)
[2026-07-11T05:50:24.652Z] GET https://r.bing.com/rp/TA5w4JZB_Bofmi4E2NA9kDEyusQ.br.js → 200 (136ms, -937B)
[2026-07-11T05:50:24.652Z] GET https://r.bing.com/rp/zlfm-hC70pZAs62UVTTl3KShKOE.br.js → 200 (136ms, -937B)
[2026-07-11T05:50:24.652Z] GET https://r.bing.com/rp/hAEVe25_jil71qxV8HNHEcjwOsk.br.js → 200 (136ms, -959B)
[2026-07-11T05:50:24.652Z] GET https://r.bing.com/rp/TQGiVJr4EQItARiXzy1vNtei-NQ.br.js → 200 (136ms, -961B)
[2026-07-11T05:50:24.652Z] GET https://r.bing.com/rs/6r/lL/nj/EmG-XMIMCcq8zmcVBBO7jkFERAE.js?or=w → 200 (63ms, -1893B)
[2026-07-11T05:50:24.652Z] GET https://r.bing.com/rp/uicSxtNwRiZ5PDW1nz4YbxCDn9o.br.js → 200 (136ms, -955B)
[2026-07-11T05:50:24.652Z] GET https://r.bing.com/rp/zU-wzeTci_PmsyatZvTRjj8U0as.br.js → 200 (137ms, -959B)
[2026-07-11T05:50:24.653Z] GET https://r.bing.com/rp/yDCTBMsaGVIotHzJtTwQ4eJQ07s.br.js → 200 (136ms, -930B)
[2026-07-11T05:50:24.653Z] GET https://r.bing.com/rp/Iuy6fC_j8hS5N4eOG-9BcVtMAVo.br.js → 200 (136ms, -930B)
[2026-07-11T05:50:24.653Z] GET https://r.bing.com/rp/pH9V7s80ZMl34uIM9Cxw_npsBus.br.js → 200 (137ms, -994B)
[2026-07-11T05:50:24.653Z] GET https://r.bing.com/rp/CcMXS8Oo0OUnUE0LzYK9AFJ6la8.br.js → 200 (137ms, -983B)
[2026-07-11T05:50:24.653Z] GET https://r.bing.com/rp/-ICpNDkT9Y-AM9LUhR49rNhH2oo.br.js → 200 (137ms, -986B)
[2026-07-11T05:50:24.653Z] GET https://r.bing.com/rp/O-ejpxJOK4ur1-qUtpPRk7Z6wj0.br.js → 200 (152ms, -952B)
[2026-07-11T05:50:24.653Z] GET https://r.bing.com/rp/4a2l6ts7ENpX5gGW0kp5U2iD6h8.br.js → 200 (153ms, -984B)
[2026-07-11T05:50:24.653Z] GET https://r.bing.com/rp/eKvcHdnNwo1WcxoSioV4ztnfZk8.br.js → 200 (153ms, -960B)
[2026-07-11T05:50:24.653Z] GET https://r.bing.com/rp/Af6_gkc-M8sTvvCoMgvEz8cPNMA.br.js → 200 (153ms, -955B)
[2026-07-11T05:50:24.653Z] GET https://r.bing.com/rp/MicXn58E9O2d9myy2AkyWVxfKMM.br.js → 200 (153ms, -955B)
[2026-07-11T05:50:24.654Z] GET https://r.bing.com/rp/72SKcnOYNsjv6ytAEeI1oFG37Rg.br.js → 200 (153ms, -963B)
[2026-07-11T05:50:24.654Z] GET https://r.bing.com/rp/ngUTcJtv7sjHF74PweBPO8yGyxQ.br.js → 200 (153ms, -962B)
[2026-07-11T05:50:24.654Z] GET https://r.bing.com/rp/plg8Vjg73xWgvghRRhfTuxFRKVk.br.js → 200 (153ms, -960B)
[2026-07-11T05:50:24.654Z] GET https://r.bing.com/rp/-2EVJNDwymhr08bVch00GwpjiDA.br.js → 200 (153ms, -938B)
[2026-07-11T05:50:24.654Z] GET https://r.bing.com/rs/6r/gm/jnc,nj/tlifxqsNyCzxIJnRwtQKuZToQQw.js?or=w → 200 (15ms, -1567B)
[2026-07-11T05:50:24.808Z] GET https://r.bing.com/rp/F9KWm14VPnDVIwncNkXY4lqr8pQ.br.js → 200 (?ms, -930B)
[2026-07-11T05:50:24.816Z] GET https://r.bing.com/rp/Tzi0lFhZU13XYuDY050dWBV6DfQ.br.js → 200 (?ms, -961B)
[2026-07-11T05:50:24.816Z] GET https://r.bing.com/rp/IeR-599UBJuseT658p8awKkSjaw.br.js → 200 (1ms, -929B)
[2026-07-11T05:50:24.817Z] GET https://r.bing.com/rp/-V5wTZcrW0CU8Mo8ihfH5VDKems.br.js → 200 (?ms, -1024B)
[2026-07-11T05:50:24.817Z] GET https://r.bing.com/rp/xcSIsTDS1yhrulkVnoR1WFVhdrI.br.js → 200 (?ms, -929B)
[2026-07-11T05:50:24.817Z] GET https://r.bing.com/rp/ikHX-hlyfHuZmHc50q1pcAAQP5E.br.js → 200 (1ms, -958B)
[2026-07-11T05:50:24.818Z] GET https://r.bing.com/rp/En6blPJcqovigCz6Ix1FLnXHt24.br.js → 200 (4ms, -986B)
[2026-07-11T05:50:24.823Z] GET https://r.bing.com/rp/0Tfs80oEbRYDgF7ylLj21W9MXHU.br.js → 200 (?ms, -929B)
[2026-07-11T05:50:24.823Z] GET https://r.bing.com/rp/cfKt7bw67nxWZkkgOIRReDE3rQI.br.js → 200 (?ms, -983B)
[2026-07-11T05:50:24.823Z] GET https://r.bing.com/rp/6wBFuewIOH06q9w4Bw8z-SKiip4.br.js → 200 (?ms, -926B)
[2026-07-11T05:50:24.824Z] GET https://www.bing.com/rewardsapp/widgetassets/prod/medallion/1.9.11/js/widget.js?t=260710 → 200 (?ms, -1021B)
[2026-07-11T05:50:24.829Z] GET https://r.bing.com/rp/fYa4G4wbz4PjD3tZaW3pycMuo2c.br.js → 200 (1ms, -984B)
[2026-07-11T05:50:24.831Z] GET https://r.bing.com/rb/4Q/jnc,nj/cKzGnam6-Fytml03VT3ixBZ9tTs.js?bu=A5A0kzSWNA&or=w → 200 (1ms, -1409B)
[2026-07-11T05:50:24.834Z] GET https://r.bing.com/rp/qwce00QJxdHzNxXh5H1mBc8QgBU.br.js → 200 (3ms, -984B)
[2026-07-11T05:50:24.838Z] GET https://r.bing.com/rp/rJAhQDJ7mcmc690pfjItaDhmv18.br.js → 200 (3ms, -955B)
[2026-07-11T05:50:24.842Z] GET https://r.bing.com/rp/Y-IofXCiouangPfEhpp6Z_AOYcM.br.js → 200 (2ms, -986B)
[2026-07-11T05:50:24.845Z] GET https://r.bing.com/rp/B41j9eGM1DLNjQd-XrgY_sctGDk.br.js → 200 (2ms, -958B)
[2026-07-11T05:50:24.847Z] GET https://r.bing.com/rp/KV4_sSSBz1cEDJbhKamlGr9ClBw.br.js → 200 (2ms, -961B)
[2026-07-11T05:50:24.850Z] GET https://r.bing.com/rp/PwjTjLAwycFuq4i8wD3bcxhdgN8.br.js → 200 (2ms, -954B)
[2026-07-11T05:50:24.853Z] GET https://r.bing.com/rp/6r0416GnMn0B1a7ZAYesBCElPxc.br.js → 200 (2ms, -992B)
[2026-07-11T05:50:24.857Z] GET https://r.bing.com/rp/Qj1qM0JDuM3J3-o_UUl5XOSD1y8.br.js → 200 (2ms, -962B)
[2026-07-11T05:50:24.865Z] GET https://r.bing.com/rp/TsKGnfqxqwIZ0qgW31yPMZd85P8.br.js → 200 (2ms, -991B)
[2026-07-11T05:50:24.873Z] GET https://r.bing.com/rs/6r/ro/jnc,nj/PqrqelWWRvUSnVWCeG5Pdh9wBEU.js?or=w → 200 (3ms, -1893B)
[2026-07-11T05:50:24.879Z] GET https://r.bing.com/rp/F_NjvIijiBhzfbsy0TKV9gOkTWE.br.js → 200 (?ms, -929B)
[2026-07-11T05:50:24.884Z] GET https://r.bing.com/rp/mf3B6bT-FFOeYD0GC4z6ZBsLW6M.br.js → 200 (4ms, -928B)
[2026-07-11T05:50:24.898Z] GET https://r.bing.com/rp/NN38hWBGghpmyTXZRzxNyuDQOh0.br.js → 200 (?ms, -954B)
[2026-07-11T05:50:24.899Z] GET https://r.bing.com/rp/vMDvWdmF46n6kUNBfdmqXrDYoGI.br.js → 200 (?ms, -955B)
[2026-07-11T05:50:24.900Z] GET https://r.bing.com/rp/K2n5cK_TUigbMh3ulWRwsTAVcJI.br.js → 200 (1ms, -961B)
[2026-07-11T05:50:24.903Z] GET https://r.bing.com/rp/sb8zw1e0EplVxmFf8G12Kosj03E.br.js → 200 (1ms, -927B)
[2026-07-11T05:50:24.905Z] GET https://r.bing.com/rp/HuFcgBA_2XForBQE_eZtVYzLk2M.br.js → 200 (2ms, -962B)
[2026-07-11T05:50:24.910Z] GET https://r.bing.com/rs/6r/lL/nj/EmG-XMIMCcq8zmcVBBO7jkFERAE.js?or=w → 200 (2ms, -1893B)
[2026-07-11T05:50:24.915Z] GET https://r.bing.com/rp/JLxV1JzWIP7PpLWcqMYVYqMzSmY.br.js → 200 (1ms, -925B)
[2026-07-11T05:50:24.918Z] GET https://r.bing.com/rp/yt5G3936XbeOUUYvhktH-Zp37Ac.br.js → 200 (3ms, -926B)
[2026-07-11T05:50:24.923Z] GET https://r.bing.com/rp/x1eptL9rX54oAMdUWuiXlU8ClbM.br.js → 200 (1ms, -954B)
[2026-07-11T05:50:24.926Z] GET https://r.bing.com/rp/QhINJ5aAulL1ot_r_8dLH_aIfCk.br.js → 200 (3ms, -958B)
[2026-07-11T05:50:24.930Z] GET https://r.bing.com/rp/cVhztCgE3ZjlZ4NrICPGsTh1WbQ.br.js → 200 (1ms, -927B)
[2026-07-11T05:50:24.931Z] GET https://r.bing.com/rp/eE_nGKc9g6OVIDRu8fYvjIG9Hm0.br.js → 200 (2ms, -961B)
[2026-07-11T05:50:24.934Z] GET https://r.bing.com/rp/-vw7138u6_r_Ghx3EGqbgT8a4to.br.js → 200 (1ms, -987B)
[2026-07-11T05:50:24.936Z] GET https://r.bing.com/rp/Bhp5McU_G4qFOBSyNu2f3cxDjDg.br.js → 200 (1ms, -929B)
[2026-07-11T05:50:24.938Z] GET https://r.bing.com/rs/6r/ue/jnc,nj/a-7oPGogv38O2aNsE2G1jvTy2t8.js?or=w → 200 (2ms, -1431B)
[2026-07-11T05:50:24.948Z] GET https://th.bing.com/th/id/ODLS.A2450BEC-5595-40BA-9F13-D9EC6AB74B9F?w=32&h=32&qlt=90&pcl=fffffa&o=6&pid=1.2 → 200 (?ms, -828B)
[2026-07-11T05:50:24.949Z] GET https://th.bing.com/th/id/ODLS.A2450BEC-5595-40BA-9F13-D9EC6AB74B9F?w=32&h=32&qlt=91&pcl=fffffa&o=6&pid=1.2 → 200 (1ms, -828B)
[2026-07-11T05:50:24.951Z] GET https://th.bing.com/th/id/ODLS.A2450BEC-5595-40BA-9F13-D9EC6AB74B9F?w=32&h=32&qlt=92&pcl=fffffa&o=6&pid=1.2 → 200 (?ms, -828B)
[2026-07-11T05:50:24.952Z] GET https://th.bing.com/th/id/ODLS.A2450BEC-5595-40BA-9F13-D9EC6AB74B9F?w=32&h=32&qlt=93&pcl=fffffa&o=6&pid=1.2 → 200 (?ms, -828B)
[2026-07-11T05:50:24.952Z] GET https://th.bing.com/th/id/ODLS.A2450BEC-5595-40BA-9F13-D9EC6AB74B9F?w=32&h=32&qlt=94&pcl=fffffa&o=6&pid=1.2 → 200 (?ms, -827B)
[2026-07-11T05:50:24.953Z] GET https://th.bing.com/th/id/ODLS.A2450BEC-5595-40BA-9F13-D9EC6AB74B9F?w=32&h=32&qlt=95&pcl=fffffa&o=6&pid=1.2 → 200 (?ms, -828B)
[2026-07-11T05:50:24.954Z] GET https://th.bing.com/th/id/ODLS.A2450BEC-5595-40BA-9F13-D9EC6AB74B9F?w=32&h=32&qlt=96&pcl=fffffa&o=6&pid=1.2 → 200 (?ms, -828B)
[2026-07-11T05:50:24.954Z] GET https://th.bing.com/th/id/ODLS.A2450BEC-5595-40BA-9F13-D9EC6AB74B9F?w=32&h=32&qlt=97&pcl=fffffa&o=6&pid=1.2 → 200 (1ms, -827B)
[2026-07-11T05:50:24.955Z] GET https://th.bing.com/th/id/ODLS.A2450BEC-5595-40BA-9F13-D9EC6AB74B9F?w=32&h=32&qlt=98&pcl=fffffa&o=6&pid=1.2 → 200 (1ms, -828B)
[2026-07-11T05:50:24.957Z] GET https://th.bing.com/th/id/ODLS.A2450BEC-5595-40BA-9F13-D9EC6AB74B9F?w=32&h=32&qlt=99&pcl=fffffa&o=6&pid=1.2 → 200 (?ms, -828B)
[2026-07-11T05:50:24.958Z] GET https://r.bing.com/rp/5I0Cuul36Grrwnqn9LpjC23cpQ8.br.js → 200 (6ms, -954B)
[2026-07-11T05:50:24.964Z] GET https://r.bing.com/rp/oU3D75fwOKYAqRTtv6cscmsEla8.br.js → 200 (1ms, -954B)
[2026-07-11T05:50:24.966Z] GET https://r.bing.com/rp/88F_WFp57AEhbuX2xUzJp0yKLEM.br.js → 200 (3ms, -953B)
[2026-07-11T05:50:24.971Z] GET https://r.bing.com/rp/KUj639dFcatHE77xtiTb-KSEsSA.br.js → 200 (1ms, -986B)
[2026-07-11T05:50:24.975Z] GET https://r.bing.com/rp/b1xhc3Vl3_FhS-lf4VS_IJJoJF8.br.js → 200 (3ms, -955B)
[2026-07-11T05:50:24.981Z] GET https://r.bing.com/rp/TS4x6zoibBZfA9B7sa2wJaRhVNw.br.js → 200 (3ms, -929B)
[2026-07-11T05:50:25.005Z] GET https://r.bing.com/rp/6ZpK9fh9cD0LYcXzkYpUR9MV_-g.br.js → 200 (3ms, -984B)
[2026-07-11T05:50:25.010Z] GET https://r.bing.com/rp/KLrSbzDKMog0mCiPcB9iwoEvlE4.br.js → 200 (1ms, -985B)
[2026-07-11T05:50:25.012Z] GET https://r.bing.com/rp/ClBkzRTD0QLpIATX2q7eWktfr_k.br.js → 200 (2ms, -962B)
[2026-07-11T05:50:25.016Z] GET https://r.bing.com/rp/uceaWoHkRefVM5EK1cFT2TcyRm0.br.js → 200 (1ms, -959B)
[2026-07-11T05:50:25.018Z] GET https://r.bing.com/rp/AaMNMcbonPOvZZOl4Lx8-gy2CLQ.br.js → 200 (2ms, -951B)
[2026-07-11T05:50:25.021Z] GET https://r.bing.com/rp/dILjFnlu3tFtlz3D1HusK2wu9g8.br.js → 200 (1ms, -954B)
[2026-07-11T05:50:25.023Z] GET https://r.bing.com/rp/CnuSs8RGmjTsMT91VsxGzD6pvXs.br.js → 200 (5ms, -954B)
[2026-07-11T05:50:25.029Z] GET https://r.bing.com/rp/fRSNKQanUHk53F1a1Bi8UA71Qt4.br.js → 200 (1ms, -984B)
[2026-07-11T05:50:25.031Z] GET https://r.bing.com/rp/DR3HSCOIEFQKTsP_w1z3exhqKIw.br.js → 200 (1ms, -929B)
[2026-07-11T05:50:25.033Z] GET https://r.bing.com/rp/xcXoIIPNYmJF-EYrsQBDlqHo36g.br.js → 200 (2ms, -927B)
[2026-07-11T05:50:25.036Z] GET https://r.bing.com/rp/uP1dLTYbxyhIP5Ae5ENgyyzxyOc.br.js → 200 (2ms, -994B)
[2026-07-11T05:50:25.039Z] GET https://r.bing.com/rp/ERxD1rq0Xd7Fewx2Ys6cWhWRMmk.br.js → 200 (3ms, -959B)
[2026-07-11T05:50:25.044Z] GET https://r.bing.com/rp/sJ3s4CcWssN1-yBhgYXI5ztX9tU.br.js → 200 (1ms, -961B)
[2026-07-11T05:50:25.046Z] GET https://r.bing.com/rp/Ytxs5tpnCZO__xIrhWwJA-yGHZM.br.js → 200 (3ms, -955B)
[2026-07-11T05:50:25.050Z] GET https://r.bing.com/rs/6r/lx/nj/x-x_v9X2pwR9AlcQef28REZvCsY.js?or=w → 200 (1ms, -1893B)
[2026-07-11T05:50:25.052Z] GET https://r.bing.com/rp/lLk8XmbdNzzlnPRzVzDhaF9yjqw.br.js → 200 (2ms, -926B)
[2026-07-11T05:50:25.055Z] GET https://www.bing.com/images/sbi?mmasync=1&ig=EFB8A43DC1CA4D4DB8290DDB88B6796A&iid=.5093&ptn=Web&ep=0&iconpl=1&ajaxreq=1 → 200 (520ms, 20958B)
[2026-07-11T05:50:25.055Z] GET https://r.bing.com/rp/Ass0FROa2e9YKJimHNSYJXacvKI.br.js → 200 (4ms, -929B)
[2026-07-11T05:50:25.059Z] GET https://r.bing.com/rp/uYfKaCEKoUJO8QF1Vlmton1QU_Y.br.js → 200 (2ms, -961B)
[2026-07-11T05:50:25.067Z] GET https://www.bing.com/instantsearch/getquerylist?query=%22order%20no.%20182%2C101%22%20mobil → 200 (550ms, 44B)
[2026-07-11T05:50:25.067Z] GET https://r.bing.com/rp/lkM7-j-6lj2mHueJugMSD2pY8kM.br.js → 200 (2ms, -960B)
[2026-07-11T05:50:25.071Z] GET https://r.bing.com/rp/Gyuq2bqitqDJM0BeAkbKXGlQXNw.br.js → 200 (2ms, -937B)
[2026-07-11T05:50:25.074Z] GET https://r.bing.com/rp/n21aGRCN5EKHB3qObygw029dyNU.br.js → 200 (2ms, -984B)
[2026-07-11T05:50:25.077Z] GET https://r.bing.com/rp/hSC2A2u1nPLBLKtx9YeXrNrijSw.br.js → 200 (1ms, -986B)
[2026-07-11T05:50:25.082Z] GET https://r.bing.com/rp/psgXZvzYJMEW2ydikIk493Va1d4.br.js → 200 (?ms, -958B)
[2026-07-11T05:50:25.084Z] POST https://www.bing.com/rewardsapp/ncheader?ver=70613054&IID=SERP.5050&IG=EFB8A43DC1CA4D4DB8290DDB88B6796A&ajaxreq=1 → 200 (564ms, ?B)
[2026-07-11T05:50:25.084Z] GET https://r.bing.com/rs/6r/wg/nj/nt6a1ZR520utsLoZmSYgwxdOPgI.js?or=w → 200 (3ms, -1893B)
[2026-07-11T05:50:25.087Z] GET https://r.bing.com/rp/5L3iD467J3iJWEPwIjxlK0MMDpY.br.js → 200 (2ms, -959B)
[2026-07-11T05:50:25.090Z] GET https://r.bing.com/rp/9Z2GyyGvsKSVNrmOMrTfcv8z_yQ.br.js → 200 (1ms, -960B)
[2026-07-11T05:50:25.093Z] GET https://r.bing.com/rp/K_V1CARn2Q2lTs5njJKUvUkHyi4.br.js → 200 (1ms, -984B)
[2026-07-11T05:50:25.097Z] POST https://www.bing.com/rewardsapp/reportActivity?IG=EFB8A43DC1CA4D4DB8290DDB88B6796A&IID=SERP.5060&q=%22Order+No.+182%2C101%22+mobile+food+facility+sfpublicworks&rdr=1&rdrig=C03C5B4C09D0439584C22C18F1CC910F&ajaxreq=1 → pending (?ms, ?B)
[2026-07-11T05:50:25.097Z] GET https://r.bing.com/rp/3eHIthF6R2e1ZRdN3zxkF_nk-6w.br.js → 200 (4ms, -986B)
[2026-07-11T05:50:25.103Z] GET https://r.bing.com/rp/EAI2MpbgpapWy3f5CJ0mQ55YzkI.br.js → 200 (6ms, -929B)
[2026-07-11T05:50:25.111Z] GET https://r.bing.com/rp/JTnIefOMiNK7DX11D7RY8i0_PKc.br.js → 200 (1ms, -984B)
[2026-07-11T05:50:25.114Z] GET https://r.bing.com/rp/_Bf8WbhrPNleVJdfG-L0A8nld9c.br.js → 200 (1ms, -959B)
[2026-07-11T05:50:25.116Z] GET https://r.bing.com/rp/75SIhjT7cikNAal0FuI8WHdzWa8.br.js → 200 (5ms, -985B)
[2026-07-11T05:50:25.123Z] GET https://r.bing.com/rp/mOy7YpeLJ3c40BBAFNUI6SmOUTY.br.js → 200 (2ms, -959B)
[2026-07-11T05:50:25.128Z] GET https://r.bing.com/rp/6mZmj1db42G_jniFgdT7MCvBgyA.br.js → 200 (3ms, -959B)
[2026-07-11T05:50:25.133Z] GET https://r.bing.com/rs/6r/kO/jnc,nj/P2A3uGO2O64dixlm8-ndJ5_iyo4.js?or=w → 200 (2ms, -1431B)
[2026-07-11T05:50:25.136Z] GET https://r.bing.com/rp/nHOlLJnFoS8pPI705ikfiw8Z_OI.br.js → 200 (3ms, -985B)
[2026-07-11T05:50:25.143Z] GET https://r.bing.com/rp/npss_9tdJq98UAZWJkmncHMBuno.br.js → 200 (3ms, -954B)
[2026-07-11T05:50:25.148Z] GET https://r.bing.com/rp/TA5w4JZB_Bofmi4E2NA9kDEyusQ.br.js → 200 (2ms, -937B)
[2026-07-11T05:50:25.152Z] GET https://r.bing.com/rp/zlfm-hC70pZAs62UVTTl3KShKOE.br.js → 200 (2ms, -937B)
[2026-07-11T05:50:25.155Z] GET https://r.bing.com/rp/hAEVe25_jil71qxV8HNHEcjwOsk.br.js → 200 (1ms, -959B)
[2026-07-11T05:50:25.158Z] GET https://r.bing.com/rp/TQGiVJr4EQItARiXzy1vNtei-NQ.br.js → 200 (2ms, -961B)
[2026-07-11T05:50:25.161Z] GET https://r.bing.com/rp/uicSxtNwRiZ5PDW1nz4YbxCDn9o.br.js → 200 (3ms, -955B)
[2026-07-11T05:50:25.166Z] GET https://r.bing.com/rp/zU-wzeTci_PmsyatZvTRjj8U0as.br.js → 200 (2ms, -959B)
[2026-07-11T05:50:25.169Z] GET https://r.bing.com/rp/yDCTBMsaGVIotHzJtTwQ4eJQ07s.br.js → 200 (1ms, -930B)
[2026-07-11T05:50:25.172Z] GET https://r.bing.com/rp/Iuy6fC_j8hS5N4eOG-9BcVtMAVo.br.js → 200 (2ms, -930B)
[2026-07-11T05:50:25.178Z] GET https://r.bing.com/rp/pH9V7s80ZMl34uIM9Cxw_npsBus.br.js → 200 (2ms, -994B)
[2026-07-11T05:50:25.181Z] GET https://r.bing.com/rp/CcMXS8Oo0OUnUE0LzYK9AFJ6la8.br.js → 200 (3ms, -983B)
[2026-07-11T05:50:25.185Z] GET https://r.bing.com/rp/-ICpNDkT9Y-AM9LUhR49rNhH2oo.br.js → 200 (1ms, -986B)
[2026-07-11T05:50:25.187Z] GET https://r.bing.com/rp/O-ejpxJOK4ur1-qUtpPRk7Z6wj0.br.js → 200 (3ms, -952B)
[2026-07-11T05:50:25.192Z] GET https://r.bing.com/rp/4a2l6ts7ENpX5gGW0kp5U2iD6h8.br.js → 200 (1ms, -984B)
[2026-07-11T05:50:25.200Z] GET https://r.bing.com/rp/eKvcHdnNwo1WcxoSioV4ztnfZk8.br.js → 200 (4ms, -960B)
[2026-07-11T05:50:25.205Z] GET https://r.bing.com/rp/CGp82zzRFpyGUKY98xX-82Jg8zs.br.css → 200 (5ms, -905B)
[2026-07-11T05:50:25.205Z] GET https://r.bing.com/rp/Af6_gkc-M8sTvvCoMgvEz8cPNMA.br.js → 200 (9ms, -955B)
[2026-07-11T05:50:25.217Z] GET https://r.bing.com/rp/MicXn58E9O2d9myy2AkyWVxfKMM.br.js → 200 (2ms, -955B)
[2026-07-11T05:50:25.221Z] GET https://r.bing.com/rp/72SKcnOYNsjv6ytAEeI1oFG37Rg.br.js → 200 (9ms, -963B)
[2026-07-11T05:50:25.235Z] GET https://r.bing.com/rp/ngUTcJtv7sjHF74PweBPO8yGyxQ.br.js → 200 (13ms, -962B)
[2026-07-11T05:50:25.249Z] GET https://r.bing.com/rs/5T/uj/cir3,cc,nc/NA01FcDoQNBG4hrb0M_2gwXhWHc.css?or=w → 200 (?ms, -1852B)
[2026-07-11T05:50:25.249Z] GET https://r.bing.com/rp/plg8Vjg73xWgvghRRhfTuxFRKVk.br.js → 200 (?ms, -960B)
[2026-07-11T05:50:25.249Z] GET https://r.bing.com/rp/-2EVJNDwymhr08bVch00GwpjiDA.br.js → 200 (1ms, -938B)
[2026-07-11T05:50:25.278Z] POST https://www.bing.com/web/xlsc.aspx?dl=1&f=8 → pending (?ms, ?B)
[2026-07-11T05:50:25.278Z] GET https://r.bing.com/rp/sFimhBArfMZHcl-5WgxCSMTEqJQ.br.js → 200 (1ms, -962B)
[2026-07-11T05:50:25.283Z] GET https://r.bing.com/rp/F9ya6E3sghxzDhnC7u30wctxmxI.br.js → 200 (1ms, -928B)
[2026-07-11T05:50:25.285Z] GET https://r.bing.com/rp/VEMnCUiUePvzfxaMLBTBGQDo_Sc.br.js → 200 (?ms, -961B)
[2026-07-11T05:50:25.291Z] GET https://www.bing.com/fd/auth/signin/v2?action=interactive&isSilent=true → pending (?ms, ?B)
[2026-07-11T05:50:25.291Z] GET https://r.bing.com/rb/4H/cir3,cc,nc/mTKsPNrBBsR630ZiwRcmFicEm90.css?bu=CKkCyQOJBPICrQKnBKoEswI&or=w → 200 (2ms, -1853B)
[2026-07-11T05:50:25.291Z] GET https://r.bing.com/rb/4H/cir3,cc,nc/4sQXg2nHpBvkdXSz16GDSK5EFlU.css?bu=BO8DoASeBLUD&or=w → 200 (15ms, -1853B)
[2026-07-11T05:50:25.292Z] GET https://www.bing.com/fd/ls/l?IG=EFB8A43DC1CA4D4DB8290DDB88B6796A&Type=Event.PPT&DATA={%22S%22:536,%22E%22:950,%22T%22:0,%22I%22:0,%22N%22:{},%22M%22:{}}&P=SERP&DA=SJCE01&dl=5 → pending (?ms, ?B)
[2026-07-11T05:50:25.605Z] GET https://r.bing.com/rp/fdVZU4ttbw8NDRm6H3I5BW3_vCo.svg → 200 (?ms, -888B)
[2026-07-11T05:50:25.606Z] GET https://r.bing.com/rp/4L4QdyjTv0HYE2Ig2ol9eYoqxg8.svg → 200 (?ms, -890B)
[2026-07-11T05:50:25.607Z] GET https://r.bing.com/rp/UusW4P7f5q9mXctgEuZhyIziufA.svg → 200 (?ms, -919B)
[2026-07-11T05:50:25.608Z] GET https://r.bing.com/rp/4A9D07RlW6M7gPmPQQydX3khDJc.svg → 200 (?ms, -887B)
[2026-07-11T05:50:25.608Z] GET https://r.bing.com/rp/lwgCOY8rCo0Ub0btSshwRlT9HWI.br.js → 200 (?ms, -959B)
[2026-07-11T05:50:25.609Z] GET https://r.bing.com/rp/ulJ3ckR0YcGpvIX6xhO4prJhEQQ.br.js → 200 (?ms, -952B)
[2026-07-11T05:50:25.656Z] GET https://r.bing.com/rs/4s/3T/cir3,cc,nc/inKqjZb7BBrOYwHLzCiWzAwJAZs.css?or=w → 200 (?ms, -1578B)
[2026-07-11T05:50:25.656Z] GET https://r.bing.com/rs/4s/44/cc,nc/SfJ6raSq1fhuhhfFXPVdwEdJvkY.css?or=w → 200 (2ms, -1877B)
[2026-07-11T05:50:25.658Z] GET https://r.bing.com/rs/4s/3e/cc,nc/RxnQtSv3YDXTp2Pi1BT-ojVQhss.css?or=w → 200 (?ms, -1877B)
[2026-07-11T05:50:25.658Z] GET https://r.bing.com/rs/4s/3W/cir3,cc,nc/eyf7iYpkU1E7D0Itcc4XVcbdbLc.css?or=w → 200 (?ms, -1877B)
[2026-07-11T05:50:25.659Z] GET https://r.bing.com/rp/MFCea3lBZtF5AAN0Slj6qpivo78.br.js → 200 (?ms, -955B)
[2026-07-11T05:50:25.984Z] GET https://login.microsoftonline.com/consumers/oauth2/v2.0/authorize?client_id=077c9b95-2f57-4442-8872-134fcc08fcb3&redirect_uri=https%3A%2F%2Fwww.bing.com%2Fidentity%2Fidtokenv2&response_type=code&prompt=none&scope=openid%20profile%20email%20offline_access&code_challenge=IN-7mjIE-jwPrRXlm5SfJaLnkdHYiAf-K4erUKHbqLo&code_challenge_method=S256&response_mode=form_post&nonce=639193458251598539.ZmIxOWQ3YzUtOGRmYi00NzljLWI2MDktMWYyYTBlMGY5MTJmNmVkNGZmNjQtZDM5Ni00OTI3LTk3NjItZDg4OWZiMTc4OGI4&client_info=1&x-client-brkrver=IDWeb.4.1.1.0&siwa=1&siwg=1&state=CfDJ8A8rLfEh4ZdMhJ19YNJ4FtR2dmYpo9PJIYJH1NAidooMv4x_VLJ1c3U-Pci2C94m0cRRtVN4DQyA9PLrhVOrvvNFgbC5imZ6quJs11ZELjosIwGDHaaffrylL-Z37-B-aYOmct_gHq-TIP_eP5j4Ci2PpnySuBrb0dNWWhnzyfrFxYCLkuLibbZbAF03mnja9GVcpIVKMOeYI2efevsQsteM2AQ0G_jWMxWP7i6vYdIHpJjSOim2DMIIln2dym4xlOzQRlb0e8HIn3m7XxIwUb1XX_zgxL4lOw4YVNQm00C-7Bwddw1xsvf_0SeM8zQO-_ciSm60RNxPy215bdmsLdUxFpqPGtjXYRaatFfW8-7pgCzH5oyfCkuI3adJHBnO9TgwllA7cI2nAtn45NKEQhUQLUrCQLT6WdGt3FPj0o19GllHHQFzSvLJ_8xxyD-nnQ&x-client-SKU=ID_NET10_0&x-client-ver=8.15.0.0 → pending (?ms, ?B)
[2026-07-11T05:50:27.294Z] POST https://www.bing.com/web/xlsc.aspx?dl=1&f=8 → pending (?ms, ?B)
[2026-07-11T05:50:29.148Z] GET https://login.live.com/oauth20_authorize.srf?client_id=077c9b95-2f57-4442-8872-134fcc08fcb3&scope=openid+profile+email+offline_access&redirect_uri=https%3a%2f%2fwww.bing.com%2fidentity%2fidtokenv2&response_type=code&state=CfDJ8A8rLfEh4ZdMhJ19YNJ4FtR2dmYpo9PJIYJH1NAidooMv4x_VLJ1c3U-Pci2C94m0cRRtVN4DQyA9PLrhVOrvvNFgbC5imZ6quJs11ZELjosIwGDHaaffrylL-Z37-B-aYOmct_gHq-TIP_eP5j4Ci2PpnySuBrb0dNWWhnzyfrFxYCLkuLibbZbAF03mnja9GVcpIVKMOeYI2efevsQsteM2AQ0G_jWMxWP7i6vYdIHpJjSOim2DMIIln2dym4xlOzQRlb0e8HIn3m7XxIwUb1XX_zgxL4lOw4YVNQm00C-7Bwddw1xsvf_0SeM8zQO-_ciSm60RNxPy215bdmsLdUxFpqPGtjXYRaatFfW8-7pgCzH5oyfCkuI3adJHBnO9TgwllA7cI2nAtn45NKEQhUQLUrCQLT6WdGt3FPj0o19GllHHQFzSvLJ_8xxyD-nnQ&response_mode=form_post&nonce=639193458251598539.ZmIxOWQ3YzUtOGRmYi00NzljLWI2MDktMWYyYTBlMGY5MTJmNmVkNGZmNjQtZDM5Ni00OTI3LTk3NjItZDg4OWZiMTc4OGI4&siwg=1&siwa=1&prompt=none&code_challenge=E94xWXZnTpJftqxcT16OsiEHXQFLxxf0TqWMxabdsbk&code_challenge_method=S256&x-client-SKU=ID_NET10_0&x-client-Ver=8.15.0.0&uaid=d077f8c144d240f99e3d7be3a3bb33d9&msproxy=1&issuer=mso&tenant=consumers&ui_locales=en-US&client_info=1&epctrc=xkZdTrRJcaajHvSUi%2fabZrxsFy%2bp6F3GXEcVt9r3Ojw%3d3%3a1%3aCANARY%3aiu%2bkuVPdk%2bBr7DnECr5tBcsorAXGddBLAa%2fQOOxY72Q%3d&epct=PAQABDgEAAAAdDD7nC9b5Q7JPd_okEQRFRXZvU3RzQXJ0aWZhY3RzCAAAAAAAQQkPtSyLwgGthP6rhcT6ymzt3arKCAAEr2mnXkDfAqD23nlXj3GNC3u747-7LrAxPnzoRrZsHHd3CTwOXfcB-BKX6YNz-3qSSNsWcCNYcelVBKbx9Vtt1gL8_trWt35_GQtoBbB61bK0e_5oJVWD5Uf2MX4dFj3umsZpFPi9W0LCCEDg60lxS1e0ZoaktayfugWB4P2MPu6JUPsmBeARUCAA&jshs=0 → pending (?ms, ?B)
[2026-07-11T05:50:29.320Z] POST https://www.bing.com/web/xlsc.aspx?dl=1&f=8 → 204 (188ms, 13B)
[2026-07-11T05:50:30.228Z] POST https://www.bing.com/identity/idtokenv2 → 200 (144ms, 32B)
[2026-07-11T05:50:56.801Z] GET https://sf.gov/apply-mobile-food-facility-permit → pending (?ms, ?B)
[2026-07-11T05:50:56.802Z] POST https://www.bing.com/web/xlsc.aspx?dl=1&f=8 → pending (?ms, ?B)
[2026-07-11T05:50:57.321Z] GET https://www.sf.gov/apply-mobile-food-facility-permit → 404 (478ms, 10618B)
[2026-07-11T05:50:57.832Z] GET https://www.sf.gov/_next/static/media/b5c95a22b4347906-s.p.woff2 → pending (?ms, ?B)
[2026-07-11T05:50:57.832Z] GET https://www.sf.gov/_next/static/media/a88c13d5f58b71d4-s.p.woff2 → pending (?ms, ?B)
[2026-07-11T05:50:57.832Z] GET https://www.sf.gov/_next/static/media/e3927ebfbb99f2c5-s.p.woff2 → pending (?ms, ?B)
[2026-07-11T05:50:57.832Z] GET https://www.sf.gov/_next/static/css/2aa30e904632bfb3.css → pending (?ms, ?B)
[2026-07-11T05:50:57.833Z] GET https://www.sf.gov/_next/static/chunks/webpack-3241697841454147.js → pending (?ms, ?B)
[2026-07-11T05:50:57.833Z] GET https://www.sf.gov/_next/static/chunks/framework-ab7ddb551c23d05a.js → pending (?ms, ?B)
[2026-07-11T05:50:57.833Z] GET https://www.sf.gov/_next/static/chunks/main-ec069d294546084d.js → pending (?ms, ?B)
[2026-07-11T05:50:57.833Z] GET https://www.sf.gov/_next/static/chunks/pages/_app-097bde761e0950dd.js → pending (?ms, ?B)
[2026-07-11T05:50:57.833Z] GET https://www.sf.gov/_next/static/chunks/pages/404-9b70ec614b8ba320.js → pending (?ms, ?B)
[2026-07-11T05:50:57.833Z] GET https://www.sf.gov/_next/static/YExRCiT3vPPaPKpvgQ-K7/_buildManifest.js → pending (?ms, ?B)
[2026-07-11T05:50:57.837Z] GET https://www.sf.gov/_next/static/YExRCiT3vPPaPKpvgQ-K7/_ssgManifest.js → pending (?ms, ?B)
[2026-07-11T05:50:58.067Z] GET https://www.sf.gov/_next/static/media/CCSF-seal-vector.f4f3942a.svg → 200 (808ms, ?B)
[2026-07-11T05:50:58.067Z] GET https://www.sf.gov/_next/static/media/404.275230b4.jpg → 200 (807ms, ?B)
[2026-07-11T05:50:58.067Z] GET https://www.sf.gov/_next/static/media/footer-seal.5c850ace.svg → 200 (227ms, 873614B)
[2026-07-11T05:50:58.067Z] GET https://www.sf.gov/_next/static/media/rear-fog.9cdc1ed3.svg → 200 (806ms, 875B)
[2026-07-11T05:50:58.067Z] GET https://www.sf.gov/_next/static/media/front-fog.70a62ce0.svg → 200 (807ms, ?B)
[2026-07-11T05:50:58.068Z] GET https://www.sf.gov/_next/static/media/sutro.00447adf.svg → 200 (806ms, ?B)
[2026-07-11T05:50:58.068Z] GET https://www.sf.gov/_next/static/media/transamerica.8989c4ba.svg → 200 (807ms, ?B)
[2026-07-11T05:50:58.068Z] GET https://www.sf.gov/_next/static/media/salesforce.ea600e16.svg → 200 (806ms, ?B)
[2026-07-11T05:50:58.068Z] GET https://www.sf.gov/_next/static/media/rear-fog-right.50536a82.svg → 200 (807ms, ?B)
[2026-07-11T05:50:58.068Z] GET https://www.sf.gov/_next/static/media/front-fog-right.5ba89066.svg → 200 (807ms, ?B)
[2026-07-11T05:50:58.468Z] GET https://www.sf.gov/api/alerts → pending (?ms, ?B)
[2026-07-11T05:50:59.137Z] GET https://sf.gov/information--mobile-food-facility-permits → 301 (147ms, ?B)
[2026-07-11T05:50:59.285Z] GET https://www.sf.gov/information--mobile-food-facility-permits → 404 (345ms, 10610B)
[2026-07-11T05:50:59.646Z] GET https://www.sf.gov/_next/static/media/b5c95a22b4347906-s.p.woff2 → 304 (70ms, 245B)
[2026-07-11T05:50:59.646Z] GET https://www.sf.gov/_next/static/media/a88c13d5f58b71d4-s.p.woff2 → 304 (74ms, 247B)
[2026-07-11T05:50:59.651Z] GET https://www.sf.gov/_next/static/media/e3927ebfbb99f2c5-s.p.woff2 → 304 (66ms, 246B)
[2026-07-11T05:50:59.651Z] GET https://www.sf.gov/_next/static/css/2aa30e904632bfb3.css → 304 (58ms, 247B)
[2026-07-11T05:50:59.651Z] GET https://www.sf.gov/_next/static/chunks/webpack-3241697841454147.js → 304 (87ms, 248B)
[2026-07-11T05:50:59.652Z] GET https://www.sf.gov/_next/static/chunks/framework-ab7ddb551c23d05a.js → 304 (66ms, 249B)
[2026-07-11T05:50:59.652Z] GET https://www.sf.gov/_next/static/chunks/main-ec069d294546084d.js → 304 (84ms, 248B)
[2026-07-11T05:50:59.652Z] GET https://www.sf.gov/_next/static/chunks/pages/_app-097bde761e0950dd.js → 304 (97ms, 247B)
[2026-07-11T05:50:59.652Z] GET https://www.sf.gov/_next/static/chunks/pages/404-9b70ec614b8ba320.js → 304 (120ms, 247B)
[2026-07-11T05:50:59.652Z] GET https://www.sf.gov/_next/static/YExRCiT3vPPaPKpvgQ-K7/_buildManifest.js → 304 (124ms, 247B)
[2026-07-11T05:50:59.652Z] GET https://www.sf.gov/_next/static/YExRCiT3vPPaPKpvgQ-K7/_ssgManifest.js → 304 (125ms, 244B)
[2026-07-11T05:50:59.734Z] GET https://www.sf.gov/_next/static/media/CCSF-seal-vector.f4f3942a.svg → 304 (125ms, 249B)
[2026-07-11T05:50:59.734Z] GET https://www.sf.gov/_next/static/media/404.275230b4.jpg → 304 (125ms, 228B)
[2026-07-11T05:50:59.734Z] GET https://www.sf.gov/_next/static/media/footer-seal.5c850ace.svg → 304 (127ms, 249B)
[2026-07-11T05:50:59.734Z] GET https://www.sf.gov/_next/static/media/rear-fog.9cdc1ed3.svg → 304 (127ms, 245B)
[2026-07-11T05:50:59.734Z] GET https://www.sf.gov/_next/static/media/front-fog.70a62ce0.svg → 304 (127ms, 227B)
[2026-07-11T05:50:59.734Z] GET https://www.sf.gov/_next/static/media/sutro.00447adf.svg → 304 (128ms, 227B)
[2026-07-11T05:50:59.735Z] GET https://www.sf.gov/_next/static/media/transamerica.8989c4ba.svg → 304 (127ms, 247B)
[2026-07-11T05:50:59.735Z] GET https://www.sf.gov/_next/static/media/salesforce.ea600e16.svg → 304 (127ms, 249B)
[2026-07-11T05:50:59.735Z] GET https://www.sf.gov/_next/static/media/rear-fog-right.50536a82.svg → 304 (127ms, 226B)
[2026-07-11T05:50:59.735Z] GET https://www.sf.gov/_next/static/media/front-fog-right.5ba89066.svg → 304 (127ms, 228B)
[2026-07-11T05:50:59.878Z] GET https://www.sf.gov/api/alerts → pending (?ms, ?B)
[2026-07-11T05:51:00.603Z] GET https://sf.gov/mobile-food-facility-permit → pending (?ms, ?B)
[2026-07-11T05:51:00.890Z] GET https://www.sf.gov/mobile-food-facility-permit → 404 (306ms, 10600B)
[2026-07-11T05:51:01.213Z] GET https://www.sf.gov/_next/static/media/b5c95a22b4347906-s.p.woff2 → 200 (94ms, 245B)
[2026-07-11T05:51:01.214Z] GET https://www.sf.gov/_next/static/media/a88c13d5f58b71d4-s.p.woff2 → 200 (95ms, 245B)
[2026-07-11T05:51:01.214Z] GET https://www.sf.gov/_next/static/media/e3927ebfbb99f2c5-s.p.woff2 → 200 (96ms, 245B)
[2026-07-11T05:51:01.214Z] GET https://www.sf.gov/_next/static/css/2aa30e904632bfb3.css → 304 (58ms, 248B)
[2026-07-11T05:51:01.214Z] GET https://www.sf.gov/_next/static/chunks/webpack-3241697841454147.js → 304 (78ms, 247B)
[2026-07-11T05:51:01.215Z] GET https://www.sf.gov/_next/static/chunks/framework-ab7ddb551c23d05a.js → 304 (81ms, 249B)
[2026-07-11T05:51:01.215Z] GET https://www.sf.gov/_next/static/chunks/main-ec069d294546084d.js → 304 (76ms, 249B)
[2026-07-11T05:51:01.215Z] GET https://www.sf.gov/_next/static/chunks/pages/_app-097bde761e0950dd.js → 304 (96ms, 248B)
[2026-07-11T05:51:01.215Z] GET https://www.sf.gov/_next/static/chunks/pages/404-9b70ec614b8ba320.js → 304 (96ms, 248B)
[2026-07-11T05:51:01.215Z] GET https://www.sf.gov/_next/static/YExRCiT3vPPaPKpvgQ-K7/_buildManifest.js → 304 (116ms, 246B)
[2026-07-11T05:51:01.215Z] GET https://www.sf.gov/_next/static/YExRCiT3vPPaPKpvgQ-K7/_ssgManifest.js → 304 (115ms, 244B)
[2026-07-11T05:51:01.450Z] GET https://www.sf.gov/_next/static/media/CCSF-seal-vector.f4f3942a.svg → 304 (103ms, 251B)
[2026-07-11T05:51:01.450Z] GET https://www.sf.gov/_next/static/media/404.275230b4.jpg → 304 (102ms, 228B)
[2026-07-11T05:51:01.451Z] GET https://www.sf.gov/_next/static/media/footer-seal.5c850ace.svg → 304 (101ms, 249B)
[2026-07-11T05:51:01.451Z] GET https://www.sf.gov/_next/static/media/rear-fog.9cdc1ed3.svg → 304 (99ms, 245B)
[2026-07-11T05:51:01.451Z] GET https://www.sf.gov/_next/static/media/front-fog.70a62ce0.svg → 304 (103ms, 227B)
[2026-07-11T05:51:01.451Z] GET https://www.sf.gov/_next/static/media/sutro.00447adf.svg → 304 (130ms, 227B)
[2026-07-11T05:51:01.451Z] GET https://www.sf.gov/_next/static/media/transamerica.8989c4ba.svg → 304 (112ms, 247B)
[2026-07-11T05:51:01.451Z] GET https://www.sf.gov/_next/static/media/salesforce.ea600e16.svg → 304 (110ms, 248B)
[2026-07-11T05:51:01.451Z] GET https://www.sf.gov/_next/static/media/rear-fog-right.50536a82.svg → 304 (111ms, 228B)
[2026-07-11T05:51:01.451Z] GET https://www.sf.gov/_next/static/media/front-fog-right.5ba89066.svg → 304 (112ms, 228B)
[2026-07-11T05:51:01.456Z] GET https://www.sf.gov/api/alerts → 200 (6ms, -410B)
[2026-07-11T05:51:35.230Z] GET https://www.sf.gov/search?q=mobile+food+facility+permit → 200 (853ms, 41466B)
[2026-07-11T05:51:36.100Z] GET https://www.sf.gov/_next/static/media/b5c95a22b4347906-s.p.woff2 → pending (?ms, ?B)
[2026-07-11T05:51:36.101Z] GET https://www.sf.gov/_next/static/media/a88c13d5f58b71d4-s.p.woff2 → pending (?ms, ?B)
[2026-07-11T05:51:36.101Z] GET https://www.sf.gov/_next/static/media/e3927ebfbb99f2c5-s.p.woff2 → pending (?ms, ?B)
[2026-07-11T05:51:36.101Z] GET https://www.sf.gov/_next/static/css/2aa30e904632bfb3.css → pending (?ms, ?B)
[2026-07-11T05:51:36.101Z] GET https://www.sf.gov/_next/static/chunks/webpack-3241697841454147.js → pending (?ms, ?B)
[2026-07-11T05:51:36.101Z] GET https://www.sf.gov/_next/static/chunks/framework-ab7ddb551c23d05a.js → pending (?ms, ?B)
[2026-07-11T05:51:36.101Z] GET https://www.sf.gov/_next/static/chunks/main-ec069d294546084d.js → pending (?ms, ?B)
[2026-07-11T05:51:36.101Z] GET https://www.sf.gov/_next/static/chunks/pages/_app-097bde761e0950dd.js → pending (?ms, ?B)
[2026-07-11T05:51:36.101Z] GET https://www.sf.gov/_next/static/chunks/pages/search-539fc8ceca2306a6.js → pending (?ms, ?B)
[2026-07-11T05:51:36.102Z] GET https://www.sf.gov/_next/static/YExRCiT3vPPaPKpvgQ-K7/_buildManifest.js → pending (?ms, ?B)
[2026-07-11T05:51:36.102Z] GET https://www.sf.gov/_next/static/YExRCiT3vPPaPKpvgQ-K7/_ssgManifest.js → pending (?ms, ?B)
[2026-07-11T05:51:36.326Z] GET https://www.sf.gov/_next/static/media/CCSF-seal-vector.f4f3942a.svg → 304 (151ms, 250B)
[2026-07-11T05:51:36.327Z] GET https://www.sf.gov/_next/static/media/footer-seal.5c850ace.svg → 304 (145ms, 248B)
[2026-07-11T05:51:36.327Z] GET https://www.sf.gov/_next/static/media/rear-fog.9cdc1ed3.svg → 304 (151ms, 245B)
[2026-07-11T05:51:36.328Z] GET https://www.sf.gov/_next/static/media/front-fog.70a62ce0.svg → 304 (137ms, 228B)
[2026-07-11T05:51:36.328Z] GET https://www.sf.gov/_next/static/media/sutro.00447adf.svg → 304 (150ms, 227B)
[2026-07-11T05:51:36.328Z] GET https://www.sf.gov/_next/static/media/transamerica.8989c4ba.svg → 304 (148ms, 248B)
[2026-07-11T05:51:36.328Z] GET https://www.sf.gov/_next/static/media/salesforce.ea600e16.svg → 304 (147ms, 247B)
[2026-07-11T05:51:36.328Z] GET https://www.sf.gov/_next/static/media/rear-fog-right.50536a82.svg → 304 (151ms, 228B)
[2026-07-11T05:51:36.328Z] GET https://www.sf.gov/_next/static/media/front-fog-right.5ba89066.svg → 304 (153ms, 226B)
[2026-07-11T05:51:36.329Z] GET https://www.googletagmanager.com/gtm.js?id=GTM-NQB74NJ&gtm_auth=lY8UiAfNZgIx7dGYqq168Q&gtm_preview=env-2&gtm_cookies_win=x → 200 (505ms, 141485B)
[2026-07-11T05:51:36.331Z] GET https://www.sf.gov/api/alerts → 200 (6ms, -410B)
[2026-07-11T05:51:36.890Z] GET https://www.googletagmanager.com/gtag/destination?id=G-S6GETLVLYF&cx=c&gtm=4e6781 → pending (?ms, ?B)
[2026-07-11T05:51:36.891Z] GET https://retail.googleapis.com/v2/projects/sfgov-1547577965198/locations/global/catalogs/default_catalog/userEvents:collect?key=AIzaSyBSQ0L_se8VeSLgaheyce74snJ6hi2KWMM&uri=https%3A%2F%2Fwww.sf.gov%2Fsearch%3Fq%3Dmobile%2Bfood%2Bfacility%2Bpermit&user_event=%7B%22eventType%22%3A%22search%22%2C%22visitorId%22%3A%22%5C%22%5C%22%22%2C%22searchQuery%22%3A%22mobile%20food%20facility%20permit%22%2C%22attributionToken%22%3A%229gHw9QoMCOazx9IGEOCM88sCEiQ2YWU1NDllNS0wMDAwLTIwYTctYWZhMS01ODI0MjlhNjk0NDAiB0dFTkVSSUMqLJjWty2Ovp0V1LKdFcLwnhWb1rctkPeyMLe3jC2ugJM3r8byN4ffqTiVksUwMAFShgFwcm9qZWN0cy8xOTI2NjA2MjQ1NDAvbG9jYXRpb25zL2dsb2JhbC9jb2xsZWN0aW9ucy9kZWZhdWx0X2NvbGxlY3Rpb24vZW5naW5lcy9zZmdvdi1zZWFyY2hfMTcyNTA4OTkyOTIzMi9zZXJ2aW5nQ29uZmlncy9kZWZhdWx0X3NlYXJjaA%22%2C%22attributes%22%3A%7B%22gtmSchema%22%3A%7B%22text%22%3A%5B%22CLOUD_RETAIL%22%5D%7D%7D%7D&ets=1783749096887 → pending (?ms, ?B)
[2026-07-11T05:51:36.902Z] GET https://www.googletagmanager.com/gtag/js?id=G-S6GETLVLYF&cx=c&gtm=4e6781 → pending (?ms, ?B)
[2026-07-11T05:51:36.949Z] GET https://lite.duckduckgo.com/lite/?q=San+Francisco+mobile+food+facility+permit+sf.gov → pending (?ms, ?B)
[2026-07-11T05:51:37.468Z] POST https://www.google-analytics.com/g/collect?v=2&tid=G-S6GETLVLYF&gtm=45je6781v9206046432z879487934za20gzb79487934zd79487934&_p=1783749096324&gcd=13l3l3l3l1l1&npa=0&dma=0&are=1&cid=167654625.1783749097&frm=0&pscdl=noapi&rcb=12&sr=1280x720&uaa=x86&uab=64&uafvl=Not%253AA-Brand%3B99.0.0.0%7CHeadlessChrome%3B145.0.7632.6%7CChromium%3B145.0.7632.6&uam=&uamb=0&uap=Windows&uapv=19.0.0&uaw=0&ul=en-us&_s=1&tag_exp=115616986~115938465~115938469~118826209~118897920~118897930~119027224~119724320&sid=1783749097&sct=1&seg=0&dl=https%3A%2F%2Fwww.sf.gov%2Fsearch%3Fq%3Dmobile%2Bfood%2Bfacility%2Bpermit&dt=SF.gov&en=round_trip_entry&_fv=1&_nsi=1&_ss=1&tfd=2149 → pending (?ms, ?B)
[2026-07-11T05:51:37.468Z] POST https://www.google-analytics.com/g/collect?v=2&tid=G-S6GETLVLYF&gtm=45je6781v9206046432z879487934za20gzb79487934zd79487934&_p=1783749096324&gcd=13l3l3l3l1l1&npa=0&dma=0&_eu=AAAAAAQ&are=1&cid=167654625.1783749097&frm=0&pscdl=noapi&rcb=12&sr=1280x720&uaa=x86&uab=64&uafvl=Not%253AA-Brand%3B99.0.0.0%7CHeadlessChrome%3B145.0.7632.6%7CChromium%3B145.0.7632.6&uam=&uamb=0&uap=Windows&uapv=19.0.0&uaw=0&ul=en-us&_s=2&tag_exp=115616986~115938465~115938469~118826209~118897920~118897930~119027224~119724320&sid=1783749097&sct=1&seg=0&dl=https%3A%2F%2Fwww.sf.gov%2Fsearch%3Fq%3Dmobile%2Bfood%2Bfacility%2Bpermit&dt=SF.gov&en=view_search_results&ep.search_term=mobile%20food%20facility%20permit&ep.content_type=null&ep.partner_agencies=null&ep.primary_agency=null&_et=66&tfd=2235 → pending (?ms, ?B)
[2026-07-11T05:51:37.663Z] GET https://lite.duckduckgo.com/font/ProximaNova-Reg-webfont.woff2 → 200 (223ms, 20097B)
[2026-07-11T05:51:37.663Z] GET https://lite.duckduckgo.com/font/ProximaNova-Sbold-webfont.woff2 → 200 (103ms, 20177B)
[2026-07-11T05:51:37.663Z] GET https://duckduckgo.com/dist/l.304bf63bbd053ee46b28.css → 200 (262ms, 2629B)
[2026-07-11T05:51:37.663Z] GET https://duckduckgo.com/dist/lc.844e8ff9baa78da64b59.css → 200 (262ms, 3573B)
[2026-07-11T05:51:37.663Z] GET https://lite.duckduckgo.com/assets/anomaly/images/challenge/c6e653a8f2d70078a1653e05eaff1c3f.jpg → 200 (261ms, 47624B)
[2026-07-11T05:51:37.671Z] GET https://lite.duckduckgo.com/assets/anomaly/images/challenge/e976163e46bde46a152eafea79e7fb2d.jpg → 200 (253ms, 12945B)
[2026-07-11T05:51:37.671Z] GET https://lite.duckduckgo.com/assets/anomaly/images/challenge/c31230601efbdd24503b4b93dfa078a6.jpg → 200 (253ms, 32657B)
[2026-07-11T05:51:37.671Z] GET https://lite.duckduckgo.com/assets/anomaly/images/challenge/3033d74da29a02ccf4234a1270b10ff9.jpg → 200 (249ms, 40346B)
[2026-07-11T05:51:37.671Z] GET https://lite.duckduckgo.com/assets/anomaly/images/challenge/8370d89cea636e430d4da67f9e054999.jpg → 200 (254ms, 42727B)
[2026-07-11T05:51:37.671Z] GET https://lite.duckduckgo.com/assets/anomaly/images/challenge/300cfe6b16775ac9ddd27c46af64b70a.jpg → 200 (288ms, 25953B)
[2026-07-11T05:51:37.671Z] GET https://lite.duckduckgo.com/assets/anomaly/images/challenge/14c149ba3e93eeb6385c5e2e6ab73ae6.jpg → 200 (287ms, 26097B)
[2026-07-11T05:51:37.671Z] GET https://lite.duckduckgo.com/assets/anomaly/images/challenge/6982bb18f067cc88f49c4bdc72abe120.jpg → 200 (291ms, 21404B)
[2026-07-11T05:51:37.671Z] GET https://lite.duckduckgo.com/assets/anomaly/images/challenge/7b1d4b7b60006d67420c5d0e62de542b.jpg → 200 (293ms, ?B)
[2026-07-11T05:51:37.672Z] GET https://duckduckgo.com/t/tqadb?5212653&s=lite&e=0&iadb=0&gk=d4cd0dabcf4caa22ad92fab40844c786&r=usw&i=-1&o=i3iv2knfH9trNN0qK%2FsdrKdYr807CZZQiCd%2B2zYKhmCRnqSrlJK2rJsXDo5RvM9N%0A&p=c6e653a8f2d70078a1653e05eaff1c3f-e976163e46bde46a152eafea79e7fb2d-c31230601efbdd24503b4b93dfa078a6-3033d74da29a02ccf4234a1270b10ff9-8370d89cea636e430d4da67f9e054999-300cfe6b16775ac9ddd27c46af64b70a-14c149ba3e93eeb6385c5e2e6ab73ae6-6982bb18f067cc88f49c4bdc72abe120-7b1d4b7b60006d67420c5d0e62de542b&cc=sre&sc=1&c=dadb → pending (?ms, ?B)
