{"type":"FeatureCollection","_meta":{"source":"OpenStreetMap via Overpass (emergency=fire_hydrant, SF bbox). data.sfgov.org publishes no hydrant dataset (catalog checked 2026-07-10).","snapshot_date":"2026-07-11"},"features":[{"type":"Feature","geometry":{"type":"Point","coordinates":[-122.431594,37.769997]},"properties":{"osm_id":1300251208}},{"type":"Feature","geometry":{"type":"Point","coordinates":[-122.430417,37.771217]},"properties":{"osm_id":1304254791}},{"type":"Feature","geometry":{"type":"Point","coordinates":[-122.435416,37.763505]},"properties":{"osm_id":1307895441}},{"type":"Feature","geometry":{"type":"Point","coordinates":[-122.431914,37.778542]},"properties":{"osm_id":1307895461}},{"type":"Feature","geometry":{"type":"Point","coordinates":[-122.431379,37.767652]},"properties":{"osm_id":1355604402}},{"type":"Feature","geometry":{"type":"Point","coordinates":[-122.431053,37.767676]},"properties":{"osm_id":1355604467}},{"type":"Feature","geometry":{"type":"Point","coordinates":[-122.431045,37.766998]},"properties":{"osm_id":1355604512}},{"type":"Feature","geometry":{"type":"Point","coordinates":[-122.438405,37.770225]},"properties":{"osm_id":1357115453}},{"type":"Feature","geometry":{"type":"Point","coordinates":[-122.439203,37.768153]},"properties":{"osm_id":1357115462}},{"type":"Feature","geometry":{"type":"Point","coordinates":[-122.436576,37.76891]},"properties":{"osm_id":1357115465}},{"type":"Feature","geometry":{"type":"Point","coordinates":[-122.435097,37.770441]},"properties":{"osm_id":1357115469}},{"type":"Feature","geometry":{"type":"Point","coordinates":[-122.437487,37.76895]},"properties":{"osm_id":1357115475}},{"type":"Feature","geometry":{"type":"Point","coordinates":[-122.432383,37.767625]},"properties":{"osm_id":1357115477}},{"type":"Feature","geometry":{"type":"Point","coordinates":[-122.436726,37.770422]},"properties":{"osm_id":1357115480}},{"type":"Feature","geometry":{"type":"Point","coordinates":[-122.433671,37.76907]},"properties":{"osm_id":1357115484}},{"type":"Feature","geometry":{"type":"Point","coordinates":[-122.440053,37.767727]},"properties":{"osm_id":1357115486}},{"type":"Feature","geometry":{"type":"Point","coordinates":[-122.435145,37.770675]},"properties":{"osm_id":1357115495}},{"type":"Feature","geometry":{"type":"Point","coordinates":[-122.438548,37.76868]},"properties":{"osm_id":1357115499}},{"type":"Feature","geometry":{"type":"Point","coordinates":[-122.438241,37.76916]},"properties":{"osm_id":1357115505}},{"type":"Feature","geometry":{"type":"Point","coordinates":[-122.439221,37.770097]},"properties":{"osm_id":1357115506}},{"type":"Feature","geometry":{"type":"Point","coordinates":[-122.431412,37.769193]},"properties":{"osm_id":1357115509}},{"type":"Feature","geometry":{"type":"Point","coordinates":[-122.432524,37.769166]},"properties":{"osm_id":1357115512}},{"type":"Feature","geometry":{"type":"Point","coordinates":[-122.430113,37.771261]},"properties":{"osm_id":1364959550}},{"type":"Feature","geometry":{"type":"Point","coordinates":[-122.433476,37.767374]},"properties":{"osm_id":1456477011}},{"type":"Feature","geometry":{"type":"Point","coordinates":[-122.433284,37.767547]},"properties":{"osm_id":1456477023}},{"type":"Feature","geometry":{"type":"Point","coordinates":[-122.433421,37.770712]},"properties":{"osm_id":1456482885}},{"type":"Feature","geometry":{"type":"Point","coordinates":[-122.433449,37.770831]},"properties":{"osm_id":1456482886}},{"type":"Feature","geometry":{"type":"Point","coordinates":[-122.431791,37.771067]},"properties":{"osm_id":1456487124}},{"type":"Feature","geometry":{"type":"Point","coordinates":[-122.426571,37.770598]},"properties":{"osm_id":1456488225}},{"type":"Feature","geometry":{"type":"Point","coordinates":[-122.426606,37.770768]},"properties":{"osm_id":1456488226}},{"type":"Feature","geometry":{"type":"Point","coordinates":[-122.429413,37.77027]},"properties":{"osm_id":1456490647}},{"type":"Feature","geometry":{"type":"Point","coordinates":[-122.428333,37.770543]},"properties":{"osm_id":1456490648}},{"type":"Feature","geometry":{"type":"Point","coordinates":[-122.428567,37.770372]},"properties":{"osm_id":1456490650}},{"type":"Feature","geometry":{"type":"Point","coordinates":[-122.42685,37.771675]},"properties":{"osm_id":1456496512}},{"type":"Feature","geometry":{"type":"Point","coordinates":[-122.433302,37.764309]},"properties":{"osm_id":1491930511}},{"type":"Feature","geometry":{"type":"Point","coordinates":[-122.433512,37.76409]},"properties":{"osm_id":1491932201}},{"type":"Feature","geometry":{"type":"Point","coordinates":[-122.435181,37.764195]},"properties":{"osm_id":1492967262}},{"type":"Feature","geometry":{"type":"Point","coordinates":[-122.431266,37.765851]},"properties":{"osm_id":1498852047}},{"type":"Feature","geometry":{"type":"Point","coordinates":[-122.431148,37.766095]},"properties":{"osm_id":1498856807}},{"type":"Feature","geometry":{"type":"Point","coordinates":[-122.430892,37.766165]},"properties":{"osm_id":1498884774}},{"type":"Feature","geometry":{"type":"Point","coordinates":[-122.430041,37.766845]},"properties":{"osm_id":1502369339}},{"type":"Feature","geometry":{"type":"Point","coordinates":[-122.435334,37.765794]},"properties":{"osm_id":1502370513}},{"type":"Feature","geometry":{"type":"Point","coordinates":[-122.403038,37.802036]},"properties":{"osm_id":2219704789}},{"type":"Feature","geometry":{"type":"Point","coordinates":[-122.42293,37.784437]},"properties":{"osm_id":2220968809}},{"type":"Feature","geometry":{"type":"Point","coordinates":[-122.370862,37.831104]},"properties":{"osm_id":2253031349}},{"type":"Feature","geometry":{"type":"Point","coordinates":[-122.392544,37.768534]},"properties":{"osm_id":2337337275}},{"type":"Feature","geometry":{"type":"Point","coordinates":[-122.393236,37.76858]},"properties":{"osm_id":2338522384}},{"type":"Feature","geometry":{"type":"Point","coordinates":[-122.394272,37.76851]},"properties":{"osm_id":2338524286}},{"type":"Feature","geometry":{"type":"Point","coordinates":[-122.394412,37.768255]},"properties":{"osm_id":2338526006}},{"type":"Feature","geometry":{"type":"Point","coordinates":[-122.392615,37.768525]},"properties":{"osm_id":2338582272}},{"type":"Feature","geometry":{"type":"Point","coordinates":[-122.422312,37.826385]},"properties":{"osm_id":2407548242}},{"type":"Feature","geometry":{"type":"Point","coordinates":[-122.479135,37.723164]},"properties":{"osm_id":2726228498}},{"type":"Feature","geometry":{"type":"Point","coordinates":[-122.481327,37.723529]},"properties":{"osm_id":2726228519}},{"type":"Feature","geometry":{"type":"Point","coordinates":[-122.480517,37.722856]},"properties":{"osm_id":2726228521}},{"type":"Feature","geometry":{"type":"Point","coordinates":[-122.482391,37.723557]},"properties":{"osm_id":2726228525}},{"type":"Feature","geometry":{"type":"Point","coordinates":[-122.483839,37.723354]},"properties":{"osm_id":2726228532}},{"type":"Feature","geometry":{"type":"Point","coordinates":[-122.483128,37.723041]},"properties":{"osm_id":2726228534}},{"type":"Feature","geometry":{"type":"Point","coordinates":[-122.406924,37.777586]},"properties":{"osm_id":2816647420}},{"type":"Feature","geometry":{"type":"Point","coordinates":[-122.407879,37.779059]},"properties":{"osm_id":2816648452}},{"type":"Feature","geometry":{"type":"Point","coordinates":[-122.409655,37.777866]},"properties":{"osm_id":2816656153}},{"type":"Feature","geometry":{"type":"Point","coordinates":[-122.408104,37.778833]},"properties":{"osm_id":2816657402}},{"type":"Feature","geometry":{"type":"Point","coordinates":[-122.409187,37.778023]},"properties":{"osm_id":2816658722}},{"type":"Feature","geometry":{"type":"Point","coordinates":[-122.408544,37.776322]},"properties":{"osm_id":2816665535}},{"type":"Feature","geometry":{"type":"Point","coordinates":[-122.407831,37.776901]},"properties":{"osm_id":2816665673}},{"type":"Feature","geometry":{"type":"Point","coordinates":[-122.407591,37.776831]},"properties":{"osm_id":2816666201}},{"type":"Feature","geometry":{"type":"Point","coordinates":[-122.482834,37.707072]},"properties":{"osm_id":3489923975}},{"type":"Feature","geometry":{"type":"Point","coordinates":[-122.391698,37.791858]},"properties":{"osm_id":3773607114}},{"type":"Feature","geometry":{"type":"Point","coordinates":[-122.391842,37.792042]},"properties":{"osm_id":3773607785}},{"type":"Feature","geometry":{"type":"Point","coordinates":[-122.391367,37.791665]},"properties":{"osm_id":3773607786}},{"type":"Feature","geometry":{"type":"Point","coordinates":[-122.391427,37.791706]},"properties":{"osm_id":3773613745}},{"type":"Feature","geometry":{"type":"Point","coordinates":[-122.401471,37.785934]},"properties":{"osm_id":3962713909}},{"type":"Feature","geometry":{"type":"Point","coordinates":[-122.399902,37.792186]},"properties":{"osm_id":3962713910}},{"type":"Feature","geometry":{"type":"Point","coordinates":[-122.401072,37.79221]},"properties":{"osm_id":3962713913}},{"type":"Feature","geometry":{"type":"Point","coordinates":[-122.396607,37.788881]},"properties":{"osm_id":3962713914}},{"type":"Feature","geometry":{"type":"Point","coordinates":[-122.404121,37.787255]},"properties":{"osm_id":3962713915}},{"type":"Feature","geometry":{"type":"Point","coordinates":[-122.398854,37.791422]},"properties":{"osm_id":3962713916}},{"type":"Feature","geometry":{"type":"Point","coordinates":[-122.400714,37.791333]},"properties":{"osm_id":3962713917}},{"type":"Feature","geometry":{"type":"Point","coordinates":[-122.397546,37.78963]},"properties":{"osm_id":3962713918}},{"type":"Feature","geometry":{"type":"Point","coordinates":[-122.400781,37.792195]},"properties":{"osm_id":3962713919}},{"type":"Feature","geometry":{"type":"Point","coordinates":[-122.396237,37.788584]},"properties":{"osm_id":3962713920}},{"type":"Feature","geometry":{"type":"Point","coordinates":[-122.404393,37.78704]},"properties":{"osm_id":3962713921}},{"type":"Feature","geometry":{"type":"Point","coordinates":[-122.399055,37.790845]},"properties":{"osm_id":3962713922}},{"type":"Feature","geometry":{"type":"Point","coordinates":[-122.400637,37.791257]},"properties":{"osm_id":3962713923}},{"type":"Feature","geometry":{"type":"Point","coordinates":[-122.397201,37.789277]},"properties":{"osm_id":3962713924}},{"type":"Feature","geometry":{"type":"Point","coordinates":[-122.427967,37.757997]},"properties":{"osm_id":3989015890}},{"type":"Feature","geometry":{"type":"Point","coordinates":[-122.393132,37.793366]},"properties":{"osm_id":4194511803}},{"type":"Feature","geometry":{"type":"Point","coordinates":[-122.393264,37.793096]},"properties":{"osm_id":4194511804}},{"type":"Feature","geometry":{"type":"Point","coordinates":[-122.393113,37.793091]},"properties":{"osm_id":4194511903}},{"type":"Feature","geometry":{"type":"Point","coordinates":[-122.419626,37.722203]},"properties":{"osm_id":4293365723}},{"type":"Feature","geometry":{"type":"Point","coordinates":[-122.423265,37.72245]},"properties":{"osm_id":4293407089}},{"type":"Feature","geometry":{"type":"Point","coordinates":[-122.395952,37.79666]},"properties":{"osm_id":4333234722}},{"type":"Feature","geometry":{"type":"Point","coordinates":[-122.394825,37.79452]},"properties":{"osm_id":4333234724}},{"type":"Feature","geometry":{"type":"Point","coordinates":[-122.394192,37.793901]},"properties":{"osm_id":4333234725}},{"type":"Feature","geometry":{"type":"Point","coordinates":[-122.39576,37.796469]},"properties":{"osm_id":4333241055}},{"type":"Feature","geometry":{"type":"Point","coordinates":[-122.39587,37.795523]},"properties":{"osm_id":4333241057}},{"type":"Feature","geometry":{"type":"Point","coordinates":[-122.394798,37.794312]},"properties":{"osm_id":4333241058}},{"type":"Feature","geometry":{"type":"Point","coordinates":[-122.393987,37.793983]},"properties":{"osm_id":4333241059}},{"type":"Feature","geometry":{"type":"Point","coordinates":[-122.43948,37.800488]},"properties":{"osm_id":4548818451}},{"type":"Feature","geometry":{"type":"Point","coordinates":[-122.439396,37.80038]},"properties":{"osm_id":4548821900}},{"type":"Feature","geometry":{"type":"Point","coordinates":[-122.474515,37.800251]},"properties":{"osm_id":5040162123}},{"type":"Feature","geometry":{"type":"Point","coordinates":[-122.475266,37.800598]},"properties":{"osm_id":5040162124}},{"type":"Feature","geometry":{"type":"Point","coordinates":[-122.476954,37.810246]},"properties":{"osm_id":5241881438}},{"type":"Feature","geometry":{"type":"Point","coordinates":[-122.418133,37.778327]},"properties":{"osm_id":5606166480}},{"type":"Feature","geometry":{"type":"Point","coordinates":[-122.412367,37.712764]},"properties":{"osm_id":5790837331}},{"type":"Feature","geometry":{"type":"Point","coordinates":[-122.401275,37.721671]},"properties":{"osm_id":5790970841}},{"type":"Feature","geometry":{"type":"Point","coordinates":[-122.413316,37.71303]},"properties":{"osm_id":5791157082}},{"type":"Feature","geometry":{"type":"Point","coordinates":[-122.401863,37.781619]},"properties":{"osm_id":5791171071}},{"type":"Feature","geometry":{"type":"Point","coordinates":[-122.418379,37.718931]},"properties":{"osm_id":5792787385}},{"type":"Feature","geometry":{"type":"Point","coordinates":[-122.408342,37.796649]},"properties":{"osm_id":5794574105}},{"type":"Feature","geometry":{"type":"Point","coordinates":[-122.410089,37.796004]},"properties":{"osm_id":5794574106}},{"type":"Feature","geometry":{"type":"Point","coordinates":[-122.410173,37.796403]},"properties":{"osm_id":5794574110}},{"type":"Feature","geometry":{"type":"Point","coordinates":[-122.432081,37.751484]},"properties":{"osm_id":5794626839}},{"type":"Feature","geometry":{"type":"Point","coordinates":[-122.431723,37.751503]},"properties":{"osm_id":5794626841}},{"type":"Feature","geometry":{"type":"Point","coordinates":[-122.431972,37.751342]},"properties":{"osm_id":5794626843}},{"type":"Feature","geometry":{"type":"Point","coordinates":[-122.432137,37.752275]},"properties":{"osm_id":5794730334}},{"type":"Feature","geometry":{"type":"Point","coordinates":[-122.431898,37.753093]},"properties":{"osm_id":5794730335}},{"type":"Feature","geometry":{"type":"Point","coordinates":[-122.398708,37.769588]},"properties":{"osm_id":6212251554}},{"type":"Feature","geometry":{"type":"Point","coordinates":[-122.398009,37.76973]},"properties":{"osm_id":6212271240}},{"type":"Feature","geometry":{"type":"Point","coordinates":[-122.420228,37.761858]},"properties":{"osm_id":6223857658}},{"type":"Feature","geometry":{"type":"Point","coordinates":[-122.420936,37.761806]},"properties":{"osm_id":6223857659}},{"type":"Feature","geometry":{"type":"Point","coordinates":[-122.421691,37.761596]},"properties":{"osm_id":6223857660}},{"type":"Feature","geometry":{"type":"Point","coordinates":[-122.422971,37.761684]},"properties":{"osm_id":6223857661}},{"type":"Feature","geometry":{"type":"Point","coordinates":[-122.419544,37.761892]},"properties":{"osm_id":6223857662}},{"type":"Feature","geometry":{"type":"Point","coordinates":[-122.419268,37.76172]},"properties":{"osm_id":6223857663}},{"type":"Feature","geometry":{"type":"Point","coordinates":[-122.417299,37.761877]},"properties":{"osm_id":6223876273}},{"type":"Feature","geometry":{"type":"Point","coordinates":[-122.417402,37.762032]},"properties":{"osm_id":6223876274}},{"type":"Feature","geometry":{"type":"Point","coordinates":[-122.420794,37.760215]},"properties":{"osm_id":6223876275}},{"type":"Feature","geometry":{"type":"Point","coordinates":[-122.419386,37.760294]},"properties":{"osm_id":6223892110}},{"type":"Feature","geometry":{"type":"Point","coordinates":[-122.419097,37.76015]},"properties":{"osm_id":6223892111}},{"type":"Feature","geometry":{"type":"Point","coordinates":[-122.418267,37.760354]},"properties":{"osm_id":6223892112}},{"type":"Feature","geometry":{"type":"Point","coordinates":[-122.416949,37.76047]},"properties":{"osm_id":6223892113}},{"type":"Feature","geometry":{"type":"Point","coordinates":[-122.416853,37.760438]},"properties":{"osm_id":6223892114}},{"type":"Feature","geometry":{"type":"Point","coordinates":[-122.42495,37.786114]},"properties":{"osm_id":6231378785}},{"type":"Feature","geometry":{"type":"Point","coordinates":[-122.422317,37.782653]},"properties":{"osm_id":6391981156}},{"type":"Feature","geometry":{"type":"Point","coordinates":[-122.42324,37.786956]},"properties":{"osm_id":6391981159}},{"type":"Feature","geometry":{"type":"Point","coordinates":[-122.42378,37.788686]},"properties":{"osm_id":6391981161}},{"type":"Feature","geometry":{"type":"Point","coordinates":[-122.424109,37.790299]},"properties":{"osm_id":6391990586}},{"type":"Feature","geometry":{"type":"Point","coordinates":[-122.423827,37.790101]},"properties":{"osm_id":6391990587}},{"type":"Feature","geometry":{"type":"Point","coordinates":[-122.424279,37.791185]},"properties":{"osm_id":6391990588}},{"type":"Feature","geometry":{"type":"Point","coordinates":[-122.424457,37.792035]},"properties":{"osm_id":6391990589}},{"type":"Feature","geometry":{"type":"Point","coordinates":[-122.424751,37.794693]},"properties":{"osm_id":6392003732}},{"type":"Feature","geometry":{"type":"Point","coordinates":[-122.425181,37.796598]},"properties":{"osm_id":6392003735}},{"type":"Feature","geometry":{"type":"Point","coordinates":[-122.42513,37.796573]},"properties":{"osm_id":6392003736}},{"type":"Feature","geometry":{"type":"Point","coordinates":[-122.425528,37.798262]},"properties":{"osm_id":6392009127}},{"type":"Feature","geometry":{"type":"Point","coordinates":[-122.425943,37.800325]},"properties":{"osm_id":6392009130}},{"type":"Feature","geometry":{"type":"Point","coordinates":[-122.426675,37.804057]},"properties":{"osm_id":6392015474}},{"type":"Feature","geometry":{"type":"Point","coordinates":[-122.429349,37.800821]},"properties":{"osm_id":6392015478}},{"type":"Feature","geometry":{"type":"Point","coordinates":[-122.429446,37.799836]},"properties":{"osm_id":6392015479}},{"type":"Feature","geometry":{"type":"Point","coordinates":[-122.429233,37.79879]},"properties":{"osm_id":6392015480}},{"type":"Feature","geometry":{"type":"Point","coordinates":[-122.428983,37.797821]},"properties":{"osm_id":6392023712}},{"type":"Feature","geometry":{"type":"Point","coordinates":[-122.428858,37.796924]},"properties":{"osm_id":6392023713}},{"type":"Feature","geometry":{"type":"Point","coordinates":[-122.428459,37.795961]},"properties":{"osm_id":6392023714}},{"type":"Feature","geometry":{"type":"Point","coordinates":[-122.428329,37.794236]},"properties":{"osm_id":6392023715}},{"type":"Feature","geometry":{"type":"Point","coordinates":[-122.428061,37.794267]},"properties":{"osm_id":6392023717}},{"type":"Feature","geometry":{"type":"Point","coordinates":[-122.427942,37.792359]},"properties":{"osm_id":6392024262}},{"type":"Feature","geometry":{"type":"Point","coordinates":[-122.427432,37.78982]},"properties":{"osm_id":6392032908}},{"type":"Feature","geometry":{"type":"Point","coordinates":[-122.427177,37.789853]},"properties":{"osm_id":6392032909}},{"type":"Feature","geometry":{"type":"Point","coordinates":[-122.428821,37.789646]},"properties":{"osm_id":6392032910}},{"type":"Feature","geometry":{"type":"Point","coordinates":[-122.428468,37.786646]},"properties":{"osm_id":6392032913}},{"type":"Feature","geometry":{"type":"Point","coordinates":[-122.428114,37.785921]},"properties":{"osm_id":6392032914}},{"type":"Feature","geometry":{"type":"Point","coordinates":[-122.4277,37.783991]},"properties":{"osm_id":6392065173}},{"type":"Feature","geometry":{"type":"Point","coordinates":[-122.427298,37.782137]},"properties":{"osm_id":6392065175}},{"type":"Feature","geometry":{"type":"Point","coordinates":[-122.4269,37.780293]},"properties":{"osm_id":6392065178}},{"type":"Feature","geometry":{"type":"Point","coordinates":[-122.446777,37.776753]},"properties":{"osm_id":6392076271}},{"type":"Feature","geometry":{"type":"Point","coordinates":[-122.44631,37.775908]},"properties":{"osm_id":6392085146}},{"type":"Feature","geometry":{"type":"Point","coordinates":[-122.444524,37.7664]},"properties":{"osm_id":6392097782}},{"type":"Feature","geometry":{"type":"Point","coordinates":[-122.449584,37.775343]},"properties":{"osm_id":6392104271}},{"type":"Feature","geometry":{"type":"Point","coordinates":[-122.451744,37.769475]},"properties":{"osm_id":6392124322}},{"type":"Feature","geometry":{"type":"Point","coordinates":[-122.482176,37.776469]},"properties":{"osm_id":6441698604}},{"type":"Feature","geometry":{"type":"Point","coordinates":[-122.48241,37.778395]},"properties":{"osm_id":6441701393}},{"type":"Feature","geometry":{"type":"Point","coordinates":[-122.482487,37.780327]},"properties":{"osm_id":6441704863}},{"type":"Feature","geometry":{"type":"Point","coordinates":[-122.416957,37.779661]},"properties":{"osm_id":6465902728}},{"type":"Feature","geometry":{"type":"Point","coordinates":[-122.4168,37.780227]},"properties":{"osm_id":6465902730}},{"type":"Feature","geometry":{"type":"Point","coordinates":[-122.466042,37.773472]},"properties":{"osm_id":6468753207}},{"type":"Feature","geometry":{"type":"Point","coordinates":[-122.468247,37.770881]},"properties":{"osm_id":6468818530}},{"type":"Feature","geometry":{"type":"Point","coordinates":[-122.467515,37.782893]},"properties":{"osm_id":6483114287}},{"type":"Feature","geometry":{"type":"Point","coordinates":[-122.468443,37.780982]},"properties":{"osm_id":6483171663}},{"type":"Feature","geometry":{"type":"Point","coordinates":[-122.468494,37.78065]},"properties":{"osm_id":6483171665}},{"type":"Feature","geometry":{"type":"Point","coordinates":[-122.480264,37.778507]},"properties":{"osm_id":6486896138}},{"type":"Feature","geometry":{"type":"Point","coordinates":[-122.480328,37.780162]},"properties":{"osm_id":6486915603}},{"type":"Feature","geometry":{"type":"Point","coordinates":[-122.480341,37.780443]},"properties":{"osm_id":6486915607}},{"type":"Feature","geometry":{"type":"Point","coordinates":[-122.479408,37.778487]},"properties":{"osm_id":6486950886}},{"type":"Feature","geometry":{"type":"Point","coordinates":[-122.478983,37.776631]},"properties":{"osm_id":6486950889}},{"type":"Feature","geometry":{"type":"Point","coordinates":[-122.479141,37.774757]},"properties":{"osm_id":6486950890}},{"type":"Feature","geometry":{"type":"Point","coordinates":[-122.408534,37.788397]},"properties":{"osm_id":6488933047}},{"type":"Feature","geometry":{"type":"Point","coordinates":[-122.408275,37.788137]},"properties":{"osm_id":6488933048}},{"type":"Feature","geometry":{"type":"Point","coordinates":[-122.405774,37.783423]},"properties":{"osm_id":6489206275}},{"type":"Feature","geometry":{"type":"Point","coordinates":[-122.405421,37.783679]},"properties":{"osm_id":6489206277}},{"type":"Feature","geometry":{"type":"Point","coordinates":[-122.404824,37.786459]},"properties":{"osm_id":6489422258}},{"type":"Feature","geometry":{"type":"Point","coordinates":[-122.405068,37.786267]},"properties":{"osm_id":6489422260}},{"type":"Feature","geometry":{"type":"Point","coordinates":[-122.404972,37.786572]},"properties":{"osm_id":6489422263}},{"type":"Feature","geometry":{"type":"Point","coordinates":[-122.419124,37.802127]},"properties":{"osm_id":6493256047}},{"type":"Feature","geometry":{"type":"Point","coordinates":[-122.431831,37.77851]},"properties":{"osm_id":6493370869}},{"type":"Feature","geometry":{"type":"Point","coordinates":[-122.431614,37.778728]},"properties":{"osm_id":6493370872}},{"type":"Feature","geometry":{"type":"Point","coordinates":[-122.431705,37.778766]},"properties":{"osm_id":6493370873}},{"type":"Feature","geometry":{"type":"Point","coordinates":[-122.47112,37.808439]},"properties":{"osm_id":6501236194}},{"type":"Feature","geometry":{"type":"Point","coordinates":[-122.472919,37.780458]},"properties":{"osm_id":6501291354}},{"type":"Feature","geometry":{"type":"Point","coordinates":[-122.474954,37.780403]},"properties":{"osm_id":6501291359}},{"type":"Feature","geometry":{"type":"Point","coordinates":[-122.473892,37.780404]},"properties":{"osm_id":6501291362}},{"type":"Feature","geometry":{"type":"Point","coordinates":[-122.473847,37.780736]},"properties":{"osm_id":6501291364}},{"type":"Feature","geometry":{"type":"Point","coordinates":[-122.476077,37.780316]},"properties":{"osm_id":6501304755}},{"type":"Feature","geometry":{"type":"Point","coordinates":[-122.477109,37.780585]},"properties":{"osm_id":6501304756}},{"type":"Feature","geometry":{"type":"Point","coordinates":[-122.476045,37.780637]},"properties":{"osm_id":6501304761}},{"type":"Feature","geometry":{"type":"Point","coordinates":[-122.475054,37.780728]},"properties":{"osm_id":6501304766}},{"type":"Feature","geometry":{"type":"Point","coordinates":[-122.477231,37.778576]},"properties":{"osm_id":6501307402}},{"type":"Feature","geometry":{"type":"Point","coordinates":[-122.476991,37.774846]},"properties":{"osm_id":6501307403}},{"type":"Feature","geometry":{"type":"Point","coordinates":[-122.477126,37.776712]},"properties":{"osm_id":6501307407}},{"type":"Feature","geometry":{"type":"Point","coordinates":[-122.478515,37.754243]},"properties":{"osm_id":6502647555}},{"type":"Feature","geometry":{"type":"Point","coordinates":[-122.479582,37.754208]},"properties":{"osm_id":6502703599}},{"type":"Feature","geometry":{"type":"Point","coordinates":[-122.480652,37.754156]},"properties":{"osm_id":6502718179}},{"type":"Feature","geometry":{"type":"Point","coordinates":[-122.481722,37.754109]},"properties":{"osm_id":6502744095}},{"type":"Feature","geometry":{"type":"Point","coordinates":[-122.395543,37.794016]},"properties":{"osm_id":6530508348}},{"type":"Feature","geometry":{"type":"Point","coordinates":[-122.510043,37.775218]},"properties":{"osm_id":6536212407}},{"type":"Feature","geometry":{"type":"Point","coordinates":[-122.509897,37.773351]},"properties":{"osm_id":6536212409}},{"type":"Feature","geometry":{"type":"Point","coordinates":[-122.513816,37.778836]},"properties":{"osm_id":6536261122}},{"type":"Feature","geometry":{"type":"Point","coordinates":[-122.438629,37.779567]},"properties":{"osm_id":6541207855}},{"type":"Feature","geometry":{"type":"Point","coordinates":[-122.438668,37.779792]},"properties":{"osm_id":6541207859}},{"type":"Feature","geometry":{"type":"Point","coordinates":[-122.446633,37.775726]},"properties":{"osm_id":6543884208}},{"type":"Feature","geometry":{"type":"Point","coordinates":[-122.45275,37.775114]},"properties":{"osm_id":6548558550}},{"type":"Feature","geometry":{"type":"Point","coordinates":[-122.452705,37.774945]},"properties":{"osm_id":6548558554}},{"type":"Feature","geometry":{"type":"Point","coordinates":[-122.453138,37.775041]},"properties":{"osm_id":6548558555}},{"type":"Feature","geometry":{"type":"Point","coordinates":[-122.45616,37.774647]},"properties":{"osm_id":6550485226}},{"type":"Feature","geometry":{"type":"Point","coordinates":[-122.467397,37.771492]},"properties":{"osm_id":6551994779}},{"type":"Feature","geometry":{"type":"Point","coordinates":[-122.468019,37.772249]},"properties":{"osm_id":6551999569}},{"type":"Feature","geometry":{"type":"Point","coordinates":[-122.467633,37.771492]},"properties":{"osm_id":6551999570}},{"type":"Feature","geometry":{"type":"Point","coordinates":[-122.468015,37.772194]},"properties":{"osm_id":6551999572}},{"type":"Feature","geometry":{"type":"Point","coordinates":[-122.497469,37.775782]},"properties":{"osm_id":6554372080}},{"type":"Feature","geometry":{"type":"Point","coordinates":[-122.498517,37.775595]},"properties":{"osm_id":6554372081}},{"type":"Feature","geometry":{"type":"Point","coordinates":[-122.412222,37.781175]},"properties":{"osm_id":6564052378}},{"type":"Feature","geometry":{"type":"Point","coordinates":[-122.478197,37.780538]},"properties":{"osm_id":6587912692}},{"type":"Feature","geometry":{"type":"Point","coordinates":[-122.479255,37.780487]},"properties":{"osm_id":6587912717}},{"type":"Feature","geometry":{"type":"Point","coordinates":[-122.493235,37.779542]},"properties":{"osm_id":6590036198}},{"type":"Feature","geometry":{"type":"Point","coordinates":[-122.493209,37.779854]},"properties":{"osm_id":6590036199}},{"type":"Feature","geometry":{"type":"Point","coordinates":[-122.451219,37.78184]},"properties":{"osm_id":6591743875}},{"type":"Feature","geometry":{"type":"Point","coordinates":[-122.451026,37.782147]},"properties":{"osm_id":6591743883}},{"type":"Feature","geometry":{"type":"Point","coordinates":[-122.478062,37.7748]},"properties":{"osm_id":6592178883}},{"type":"Feature","geometry":{"type":"Point","coordinates":[-122.476058,37.776761]},"properties":{"osm_id":6592181956}},{"type":"Feature","geometry":{"type":"Point","coordinates":[-122.472737,37.77691]},"properties":{"osm_id":6592202670}},{"type":"Feature","geometry":{"type":"Point","coordinates":[-122.471673,37.776975]},"properties":{"osm_id":6592202672}},{"type":"Feature","geometry":{"type":"Point","coordinates":[-122.44692,37.778497]},"properties":{"osm_id":6592215160}},{"type":"Feature","geometry":{"type":"Point","coordinates":[-122.482156,37.788752]},"properties":{"osm_id":6592273703}},{"type":"Feature","geometry":{"type":"Point","coordinates":[-122.456243,37.801377]},"properties":{"osm_id":6592309826}},{"type":"Feature","geometry":{"type":"Point","coordinates":[-122.484183,37.774384]},"properties":{"osm_id":6593715840}},{"type":"Feature","geometry":{"type":"Point","coordinates":[-122.484632,37.776374]},"properties":{"osm_id":6593715841}},{"type":"Feature","geometry":{"type":"Point","coordinates":[-122.479337,37.7941]},"properties":{"osm_id":6593824569}},{"type":"Feature","geometry":{"type":"Point","coordinates":[-122.47649,37.797618]},"properties":{"osm_id":6593899097}},{"type":"Feature","geometry":{"type":"Point","coordinates":[-122.486279,37.742502]},"properties":{"osm_id":6595106057}},{"type":"Feature","geometry":{"type":"Point","coordinates":[-122.485221,37.742549]},"properties":{"osm_id":6595106058}},{"type":"Feature","geometry":{"type":"Point","coordinates":[-122.48413,37.742599]},"properties":{"osm_id":6595181740}},{"type":"Feature","geometry":{"type":"Point","coordinates":[-122.483077,37.742649]},"properties":{"osm_id":6595181745}},{"type":"Feature","geometry":{"type":"Point","coordinates":[-122.481988,37.742693]},"properties":{"osm_id":6595181747}},{"type":"Feature","geometry":{"type":"Point","coordinates":[-122.480578,37.737344]},"properties":{"osm_id":6595312712}},{"type":"Feature","geometry":{"type":"Point","coordinates":[-122.48081,37.741032]},"properties":{"osm_id":6595312728}},{"type":"Feature","geometry":{"type":"Point","coordinates":[-122.480675,37.73917]},"properties":{"osm_id":6595312746}},{"type":"Feature","geometry":{"type":"Point","coordinates":[-122.489702,37.776141]},"properties":{"osm_id":6597666085}},{"type":"Feature","geometry":{"type":"Point","coordinates":[-122.493187,37.775981]},"properties":{"osm_id":6597666086}},{"type":"Feature","geometry":{"type":"Point","coordinates":[-122.491045,37.776077]},"properties":{"osm_id":6597666087}},{"type":"Feature","geometry":{"type":"Point","coordinates":[-122.492115,37.776029]},"properties":{"osm_id":6597666089}},{"type":"Feature","geometry":{"type":"Point","coordinates":[-122.50069,37.775635]},"properties":{"osm_id":6597724179}},{"type":"Feature","geometry":{"type":"Point","coordinates":[-122.501158,37.783974]},"properties":{"osm_id":6597733399}},{"type":"Feature","geometry":{"type":"Point","coordinates":[-122.418039,37.776285]},"properties":{"osm_id":6604012607}},{"type":"Feature","geometry":{"type":"Point","coordinates":[-122.418483,37.77593]},"properties":{"osm_id":6604012609}},{"type":"Feature","geometry":{"type":"Point","coordinates":[-122.417575,37.776342]},"properties":{"osm_id":6604012612}},{"type":"Feature","geometry":{"type":"Point","coordinates":[-122.417992,37.77601]},"properties":{"osm_id":6604012620}},{"type":"Feature","geometry":{"type":"Point","coordinates":[-122.418212,37.777536]},"properties":{"osm_id":6604051797}},{"type":"Feature","geometry":{"type":"Point","coordinates":[-122.417953,37.777411]},"properties":{"osm_id":6604051798}},{"type":"Feature","geometry":{"type":"Point","coordinates":[-122.484432,37.772482]},"properties":{"osm_id":6611027524}},{"type":"Feature","geometry":{"type":"Point","coordinates":[-122.484043,37.772656]},"properties":{"osm_id":6611027525}},{"type":"Feature","geometry":{"type":"Point","coordinates":[-122.500728,37.779191]},"properties":{"osm_id":6617833695}},{"type":"Feature","geometry":{"type":"Point","coordinates":[-122.500699,37.779535]},"properties":{"osm_id":6617833696}},{"type":"Feature","geometry":{"type":"Point","coordinates":[-122.467141,37.769594]},"properties":{"osm_id":6621535397}},{"type":"Feature","geometry":{"type":"Point","coordinates":[-122.467171,37.769618]},"properties":{"osm_id":6621535400}},{"type":"Feature","geometry":{"type":"Point","coordinates":[-122.477898,37.776675]},"properties":{"osm_id":6625158280}},{"type":"Feature","geometry":{"type":"Point","coordinates":[-122.47831,37.778528]},"properties":{"osm_id":6625158281}},{"type":"Feature","geometry":{"type":"Point","coordinates":[-122.438442,37.76407]},"properties":{"osm_id":6625376815}},{"type":"Feature","geometry":{"type":"Point","coordinates":[-122.438267,37.777682]},"properties":{"osm_id":6630181054}},{"type":"Feature","geometry":{"type":"Point","coordinates":[-122.487846,37.776225]},"properties":{"osm_id":6639108720}},{"type":"Feature","geometry":{"type":"Point","coordinates":[-122.485698,37.776324]},"properties":{"osm_id":6639108725}},{"type":"Feature","geometry":{"type":"Point","coordinates":[-122.486771,37.776276]},"properties":{"osm_id":6639108727}},{"type":"Feature","geometry":{"type":"Point","coordinates":[-122.488696,37.776243]},"properties":{"osm_id":6639108728}},{"type":"Feature","geometry":{"type":"Point","coordinates":[-122.489882,37.777816]},"properties":{"osm_id":6639134908}},{"type":"Feature","geometry":{"type":"Point","coordinates":[-122.489973,37.78]},"properties":{"osm_id":6639139677}},{"type":"Feature","geometry":{"type":"Point","coordinates":[-122.488942,37.779711]},"properties":{"osm_id":6639139680}},{"type":"Feature","geometry":{"type":"Point","coordinates":[-122.488916,37.780045]},"properties":{"osm_id":6639139683}},{"type":"Feature","geometry":{"type":"Point","coordinates":[-122.512183,37.779198]},"properties":{"osm_id":6651230377}},{"type":"Feature","geometry":{"type":"Point","coordinates":[-122.512836,37.779164]},"properties":{"osm_id":6651230379}},{"type":"Feature","geometry":{"type":"Point","coordinates":[-122.513605,37.77822]},"properties":{"osm_id":6651230382}},{"type":"Feature","geometry":{"type":"Point","coordinates":[-122.511651,37.779429]},"properties":{"osm_id":6651502617}},{"type":"Feature","geometry":{"type":"Point","coordinates":[-122.494302,37.779454]},"properties":{"osm_id":6654106658}},{"type":"Feature","geometry":{"type":"Point","coordinates":[-122.49424,37.779772]},"properties":{"osm_id":6654106663}},{"type":"Feature","geometry":{"type":"Point","coordinates":[-122.459778,37.727527]},"properties":{"osm_id":6655035185}},{"type":"Feature","geometry":{"type":"Point","coordinates":[-122.461621,37.728894]},"properties":{"osm_id":6655035285}},{"type":"Feature","geometry":{"type":"Point","coordinates":[-122.484449,37.70593]},"properties":{"osm_id":6680676610}},{"type":"Feature","geometry":{"type":"Point","coordinates":[-122.485326,37.7054]},"properties":{"osm_id":6680676652}},{"type":"Feature","geometry":{"type":"Point","coordinates":[-122.504316,37.781766]},"properties":{"osm_id":6701502598}},{"type":"Feature","geometry":{"type":"Point","coordinates":[-122.504584,37.782038]},"properties":{"osm_id":6701502615}},{"type":"Feature","geometry":{"type":"Point","coordinates":[-122.504124,37.781887]},"properties":{"osm_id":6701502625}},{"type":"Feature","geometry":{"type":"Point","coordinates":[-122.504043,37.781076]},"properties":{"osm_id":6701827864}},{"type":"Feature","geometry":{"type":"Point","coordinates":[-122.484607,37.780243]},"properties":{"osm_id":6704394743}},{"type":"Feature","geometry":{"type":"Point","coordinates":[-122.511901,37.777734]},"properties":{"osm_id":6704402856}},{"type":"Feature","geometry":{"type":"Point","coordinates":[-122.488879,37.76485]},"properties":{"osm_id":6708904337}},{"type":"Feature","geometry":{"type":"Point","coordinates":[-122.479717,37.769888]},"properties":{"osm_id":6708904338}},{"type":"Feature","geometry":{"type":"Point","coordinates":[-122.457845,37.764555]},"properties":{"osm_id":6711184589}},{"type":"Feature","geometry":{"type":"Point","coordinates":[-122.45802,37.766017]},"properties":{"osm_id":6711184590}},{"type":"Feature","geometry":{"type":"Point","coordinates":[-122.457903,37.765448]},"properties":{"osm_id":6711184591}},{"type":"Feature","geometry":{"type":"Point","coordinates":[-122.457637,37.765375]},"properties":{"osm_id":6711184595}},{"type":"Feature","geometry":{"type":"Point","coordinates":[-122.457543,37.764902]},"properties":{"osm_id":6711184597}},{"type":"Feature","geometry":{"type":"Point","coordinates":[-122.457832,37.76435]},"properties":{"osm_id":6711257662}},{"type":"Feature","geometry":{"type":"Point","coordinates":[-122.456814,37.76387]},"properties":{"osm_id":6711302989}},{"type":"Feature","geometry":{"type":"Point","coordinates":[-122.497337,37.777674]},"properties":{"osm_id":6728410576}},{"type":"Feature","geometry":{"type":"Point","coordinates":[-122.496245,37.777714]},"properties":{"osm_id":6728463500}},{"type":"Feature","geometry":{"type":"Point","coordinates":[-122.493311,37.781591]},"properties":{"osm_id":6744734329}},{"type":"Feature","geometry":{"type":"Point","coordinates":[-122.503561,37.782681]},"properties":{"osm_id":6744812958}},{"type":"Feature","geometry":{"type":"Point","coordinates":[-122.503651,37.78197]},"properties":{"osm_id":6744832128}},{"type":"Feature","geometry":{"type":"Point","coordinates":[-122.455019,37.802266]},"properties":{"osm_id":6758074889}},{"type":"Feature","geometry":{"type":"Point","coordinates":[-122.467229,37.805616]},"properties":{"osm_id":6758171368}},{"type":"Feature","geometry":{"type":"Point","coordinates":[-122.467017,37.805058]},"properties":{"osm_id":6758171380}},{"type":"Feature","geometry":{"type":"Point","coordinates":[-122.469021,37.806299]},"properties":{"osm_id":6758201199}},{"type":"Feature","geometry":{"type":"Point","coordinates":[-122.452309,37.781982]},"properties":{"osm_id":6773175851}},{"type":"Feature","geometry":{"type":"Point","coordinates":[-122.452009,37.781729]},"properties":{"osm_id":6773175854}},{"type":"Feature","geometry":{"type":"Point","coordinates":[-122.450666,37.772467]},"properties":{"osm_id":6780030448}},{"type":"Feature","geometry":{"type":"Point","coordinates":[-122.448835,37.77163]},"properties":{"osm_id":6780030455}},{"type":"Feature","geometry":{"type":"Point","coordinates":[-122.450475,37.771411]},"properties":{"osm_id":6780030456}},{"type":"Feature","geometry":{"type":"Point","coordinates":[-122.44907,37.772509]},"properties":{"osm_id":6780030457}},{"type":"Feature","geometry":{"type":"Point","coordinates":[-122.449121,37.772723]},"properties":{"osm_id":6780030460}},{"type":"Feature","geometry":{"type":"Point","coordinates":[-122.450755,37.771378]},"properties":{"osm_id":6780030462}},{"type":"Feature","geometry":{"type":"Point","coordinates":[-122.45198,37.769471]},"properties":{"osm_id":6780093107}},{"type":"Feature","geometry":{"type":"Point","coordinates":[-122.450365,37.76965]},"properties":{"osm_id":6780093116}},{"type":"Feature","geometry":{"type":"Point","coordinates":[-122.41977,37.772411]},"properties":{"osm_id":6824083561}},{"type":"Feature","geometry":{"type":"Point","coordinates":[-122.430596,37.772044]},"properties":{"osm_id":6824370667}},{"type":"Feature","geometry":{"type":"Point","coordinates":[-122.479262,37.78016]},"properties":{"osm_id":6829148247}},{"type":"Feature","geometry":{"type":"Point","coordinates":[-122.477358,37.781093]},"properties":{"osm_id":6829148265}},{"type":"Feature","geometry":{"type":"Point","coordinates":[-122.471818,37.778833]},"properties":{"osm_id":6831790529}},{"type":"Feature","geometry":{"type":"Point","coordinates":[-122.471589,37.776782]},"properties":{"osm_id":6831790530}},{"type":"Feature","geometry":{"type":"Point","coordinates":[-122.469559,37.78058]},"properties":{"osm_id":6831790656}},{"type":"Feature","geometry":{"type":"Point","coordinates":[-122.469803,37.780917]},"properties":{"osm_id":6831790669}},{"type":"Feature","geometry":{"type":"Point","coordinates":[-122.470638,37.780565]},"properties":{"osm_id":6831790676}},{"type":"Feature","geometry":{"type":"Point","coordinates":[-122.466502,37.782726]},"properties":{"osm_id":6833462304}},{"type":"Feature","geometry":{"type":"Point","coordinates":[-122.465283,37.780802]},"properties":{"osm_id":6833462312}},{"type":"Feature","geometry":{"type":"Point","coordinates":[-122.46633,37.781074]},"properties":{"osm_id":6833462325}},{"type":"Feature","geometry":{"type":"Point","coordinates":[-122.466354,37.780749]},"properties":{"osm_id":6833462336}},{"type":"Feature","geometry":{"type":"Point","coordinates":[-122.466449,37.782941]},"properties":{"osm_id":6833462337}},{"type":"Feature","geometry":{"type":"Point","coordinates":[-122.463577,37.773768]},"properties":{"osm_id":6835964369}},{"type":"Feature","geometry":{"type":"Point","coordinates":[-122.464895,37.775449]},"properties":{"osm_id":6836023065}},{"type":"Feature","geometry":{"type":"Point","coordinates":[-122.464981,37.774465]},"properties":{"osm_id":6836023069}},{"type":"Feature","geometry":{"type":"Point","coordinates":[-122.464824,37.775405]},"properties":{"osm_id":6836023074}},{"type":"Feature","geometry":{"type":"Point","coordinates":[-122.46503,37.77731]},"properties":{"osm_id":6836023076}},{"type":"Feature","geometry":{"type":"Point","coordinates":[-122.463965,37.777369]},"properties":{"osm_id":6836067587}},{"type":"Feature","geometry":{"type":"Point","coordinates":[-122.464839,37.775258]},"properties":{"osm_id":6836067592}},{"type":"Feature","geometry":{"type":"Point","coordinates":[-122.46421,37.780841]},"properties":{"osm_id":6839009629}},{"type":"Feature","geometry":{"type":"Point","coordinates":[-122.467426,37.780702]},"properties":{"osm_id":6839019625}},{"type":"Feature","geometry":{"type":"Point","coordinates":[-122.46745,37.78106]},"properties":{"osm_id":6839019630}},{"type":"Feature","geometry":{"type":"Point","coordinates":[-122.462099,37.765975]},"properties":{"osm_id":6854479493}},{"type":"Feature","geometry":{"type":"Point","coordinates":[-122.466438,37.768459]},"properties":{"osm_id":6854479499}},{"type":"Feature","geometry":{"type":"Point","coordinates":[-122.466203,37.768613]},"properties":{"osm_id":6854479514}},{"type":"Feature","geometry":{"type":"Point","coordinates":[-122.465483,37.76912]},"properties":{"osm_id":6854479524}},{"type":"Feature","geometry":{"type":"Point","coordinates":[-122.498906,37.73838]},"properties":{"osm_id":6893931747}},{"type":"Feature","geometry":{"type":"Point","coordinates":[-122.483889,37.754027]},"properties":{"osm_id":6893978735}},{"type":"Feature","geometry":{"type":"Point","coordinates":[-122.464359,37.730907]},"properties":{"osm_id":6960744018}},{"type":"Feature","geometry":{"type":"Point","coordinates":[-122.437923,37.784444]},"properties":{"osm_id":7275728049}},{"type":"Feature","geometry":{"type":"Point","coordinates":[-122.496824,37.768244]},"properties":{"osm_id":8377046983}},{"type":"Feature","geometry":{"type":"Point","coordinates":[-122.49443,37.769401]},"properties":{"osm_id":8377105582}},{"type":"Feature","geometry":{"type":"Point","coordinates":[-122.486322,37.774285]},"properties":{"osm_id":8395565341}},{"type":"Feature","geometry":{"type":"Point","coordinates":[-122.441378,37.722613]},"properties":{"osm_id":8762740708}},{"type":"Feature","geometry":{"type":"Point","coordinates":[-122.440482,37.722443]},"properties":{"osm_id":8762740715}},{"type":"Feature","geometry":{"type":"Point","coordinates":[-122.439942,37.722055]},"properties":{"osm_id":8762751130}},{"type":"Feature","geometry":{"type":"Point","coordinates":[-122.439778,37.721979]},"properties":{"osm_id":8762751131}},{"type":"Feature","geometry":{"type":"Point","coordinates":[-122.44219,37.721707]},"properties":{"osm_id":8770146046}},{"type":"Feature","geometry":{"type":"Point","coordinates":[-122.451429,37.745848]},"properties":{"osm_id":8810021699}},{"type":"Feature","geometry":{"type":"Point","coordinates":[-122.458633,37.774406]},"properties":{"osm_id":8810247755}},{"type":"Feature","geometry":{"type":"Point","coordinates":[-122.468353,37.763883]},"properties":{"osm_id":8867089050}},{"type":"Feature","geometry":{"type":"Point","coordinates":[-122.469426,37.763995]},"properties":{"osm_id":8867089051}},{"type":"Feature","geometry":{"type":"Point","coordinates":[-122.469415,37.763835]},"properties":{"osm_id":8867089052}},{"type":"Feature","geometry":{"type":"Point","coordinates":[-122.470495,37.763944]},"properties":{"osm_id":8867089053}},{"type":"Feature","geometry":{"type":"Point","coordinates":[-122.470484,37.763785]},"properties":{"osm_id":8867089054}},{"type":"Feature","geometry":{"type":"Point","coordinates":[-122.471553,37.763735]},"properties":{"osm_id":8867089055}},{"type":"Feature","geometry":{"type":"Point","coordinates":[-122.472681,37.763692]},"properties":{"osm_id":8867089056}},{"type":"Feature","geometry":{"type":"Point","coordinates":[-122.467338,37.764131]},"properties":{"osm_id":8867089057}},{"type":"Feature","geometry":{"type":"Point","coordinates":[-122.467272,37.76393]},"properties":{"osm_id":8867089058}},{"type":"Feature","geometry":{"type":"Point","coordinates":[-122.468396,37.763855]},"properties":{"osm_id":8867089059}},{"type":"Feature","geometry":{"type":"Point","coordinates":[-122.482749,37.736607]},"properties":{"osm_id":8944899185}},{"type":"Feature","geometry":{"type":"Point","coordinates":[-122.490576,37.742317]},"properties":{"osm_id":8945060010}},{"type":"Feature","geometry":{"type":"Point","coordinates":[-122.396108,37.767255]},"properties":{"osm_id":8947472967}},{"type":"Feature","geometry":{"type":"Point","coordinates":[-122.39352,37.784221]},"properties":{"osm_id":9131045565}},{"type":"Feature","geometry":{"type":"Point","coordinates":[-122.409592,37.786326]},"properties":{"osm_id":9194418328}},{"type":"Feature","geometry":{"type":"Point","coordinates":[-122.409846,37.786186]},"properties":{"osm_id":9194418329}},{"type":"Feature","geometry":{"type":"Point","coordinates":[-122.40986,37.7863]},"properties":{"osm_id":9194418330}},{"type":"Feature","geometry":{"type":"Point","coordinates":[-122.423747,37.771813]},"properties":{"osm_id":9197280142}},{"type":"Feature","geometry":{"type":"Point","coordinates":[-122.413315,37.787789]},"properties":{"osm_id":9203665040}},{"type":"Feature","geometry":{"type":"Point","coordinates":[-122.407143,37.789358]},"properties":{"osm_id":9336546258}},{"type":"Feature","geometry":{"type":"Point","coordinates":[-122.402544,37.790902]},"properties":{"osm_id":9341072220}},{"type":"Feature","geometry":{"type":"Point","coordinates":[-122.491047,37.779956]},"properties":{"osm_id":9363183237}},{"type":"Feature","geometry":{"type":"Point","coordinates":[-122.44419,37.729867]},"properties":{"osm_id":9364515265}},{"type":"Feature","geometry":{"type":"Point","coordinates":[-122.413911,37.781708]},"properties":{"osm_id":9394763311}},{"type":"Feature","geometry":{"type":"Point","coordinates":[-122.405886,37.792345]},"properties":{"osm_id":9398515921}},{"type":"Feature","geometry":{"type":"Point","coordinates":[-122.393269,37.760119]},"properties":{"osm_id":9409465835}},{"type":"Feature","geometry":{"type":"Point","coordinates":[-122.408926,37.798679]},"properties":{"osm_id":9412357011}},{"type":"Feature","geometry":{"type":"Point","coordinates":[-122.403658,37.790883]},"properties":{"osm_id":9482815461}},{"type":"Feature","geometry":{"type":"Point","coordinates":[-122.403052,37.790955]},"properties":{"osm_id":9482815471}},{"type":"Feature","geometry":{"type":"Point","coordinates":[-122.406188,37.793896]},"properties":{"osm_id":9602225654}},{"type":"Feature","geometry":{"type":"Point","coordinates":[-122.459658,37.797834]},"properties":{"osm_id":9611439821}},{"type":"Feature","geometry":{"type":"Point","coordinates":[-122.45809,37.797445]},"properties":{"osm_id":9611439822}},{"type":"Feature","geometry":{"type":"Point","coordinates":[-122.45908,37.797913]},"properties":{"osm_id":9611439826}},{"type":"Feature","geometry":{"type":"Point","coordinates":[-122.456809,37.799036]},"properties":{"osm_id":9611439827}},{"type":"Feature","geometry":{"type":"Point","coordinates":[-122.456767,37.799898]},"properties":{"osm_id":9611439830}},{"type":"Feature","geometry":{"type":"Point","coordinates":[-122.457526,37.798895]},"properties":{"osm_id":9611439835}},{"type":"Feature","geometry":{"type":"Point","coordinates":[-122.459981,37.799086]},"properties":{"osm_id":9611442967}},{"type":"Feature","geometry":{"type":"Point","coordinates":[-122.457732,37.800159]},"properties":{"osm_id":9611443006}},{"type":"Feature","geometry":{"type":"Point","coordinates":[-122.456659,37.801644]},"properties":{"osm_id":9611443009}},{"type":"Feature","geometry":{"type":"Point","coordinates":[-122.425268,37.803982]},"properties":{"osm_id":9632540888}},{"type":"Feature","geometry":{"type":"Point","coordinates":[-122.425132,37.803304]},"properties":{"osm_id":9632540889}},{"type":"Feature","geometry":{"type":"Point","coordinates":[-122.424714,37.803193]},"properties":{"osm_id":9632540891}},{"type":"Feature","geometry":{"type":"Point","coordinates":[-122.424805,37.803368]},"properties":{"osm_id":9632540896}},{"type":"Feature","geometry":{"type":"Point","coordinates":[-122.424876,37.804107]},"properties":{"osm_id":9632540897}},{"type":"Feature","geometry":{"type":"Point","coordinates":[-122.425267,37.805669]},"properties":{"osm_id":9632540898}},{"type":"Feature","geometry":{"type":"Point","coordinates":[-122.425499,37.805105]},"properties":{"osm_id":9632540907}},{"type":"Feature","geometry":{"type":"Point","coordinates":[-122.425169,37.805206]},"properties":{"osm_id":9632540908}},{"type":"Feature","geometry":{"type":"Point","coordinates":[-122.425132,37.804982]},"properties":{"osm_id":9632540911}},{"type":"Feature","geometry":{"type":"Point","coordinates":[-122.400155,37.793281]},"properties":{"osm_id":9656692458}},{"type":"Feature","geometry":{"type":"Point","coordinates":[-122.417393,37.783269]},"properties":{"osm_id":9705829194}},{"type":"Feature","geometry":{"type":"Point","coordinates":[-122.419134,37.783235]},"properties":{"osm_id":9705872773}},{"type":"Feature","geometry":{"type":"Point","coordinates":[-122.406049,37.78866]},"properties":{"osm_id":9733363537}},{"type":"Feature","geometry":{"type":"Point","coordinates":[-122.405391,37.788627]},"properties":{"osm_id":9733363547}},{"type":"Feature","geometry":{"type":"Point","coordinates":[-122.406255,37.788533]},"properties":{"osm_id":9733363556}},{"type":"Feature","geometry":{"type":"Point","coordinates":[-122.417493,37.783442]},"properties":{"osm_id":9735505761}},{"type":"Feature","geometry":{"type":"Point","coordinates":[-122.410398,37.778906]},"properties":{"osm_id":9738142756}},{"type":"Feature","geometry":{"type":"Point","coordinates":[-122.441678,37.782379]},"properties":{"osm_id":9741847203}},{"type":"Feature","geometry":{"type":"Point","coordinates":[-122.4836,37.779954]},"properties":{"osm_id":9776063299}},{"type":"Feature","geometry":{"type":"Point","coordinates":[-122.410587,37.789869]},"properties":{"osm_id":9834795530}},{"type":"Feature","geometry":{"type":"Point","coordinates":[-122.396706,37.798447]},"properties":{"osm_id":9847267004}},{"type":"Feature","geometry":{"type":"Point","coordinates":[-122.400871,37.796815]},"properties":{"osm_id":9847273269}},{"type":"Feature","geometry":{"type":"Point","coordinates":[-122.400811,37.79685]},"properties":{"osm_id":9847273270}},{"type":"Feature","geometry":{"type":"Point","coordinates":[-122.400594,37.796721]},"properties":{"osm_id":9847273273}},{"type":"Feature","geometry":{"type":"Point","coordinates":[-122.400399,37.795974]},"properties":{"osm_id":9847273275}},{"type":"Feature","geometry":{"type":"Point","coordinates":[-122.400443,37.795993]},"properties":{"osm_id":9847273276}},{"type":"Feature","geometry":{"type":"Point","coordinates":[-122.413503,37.78873]},"properties":{"osm_id":9849528029}},{"type":"Feature","geometry":{"type":"Point","coordinates":[-122.413443,37.788688]},"properties":{"osm_id":9849528030}},{"type":"Feature","geometry":{"type":"Point","coordinates":[-122.415108,37.788292]},"properties":{"osm_id":9849528046}},{"type":"Feature","geometry":{"type":"Point","coordinates":[-122.447944,37.767088]},"properties":{"osm_id":9853972757}},{"type":"Feature","geometry":{"type":"Point","coordinates":[-122.459419,37.768672]},"properties":{"osm_id":9853983966}},{"type":"Feature","geometry":{"type":"Point","coordinates":[-122.473618,37.806609]},"properties":{"osm_id":9858817590}},{"type":"Feature","geometry":{"type":"Point","coordinates":[-122.431886,37.788118]},"properties":{"osm_id":9863215083}},{"type":"Feature","geometry":{"type":"Point","coordinates":[-122.423727,37.788378]},"properties":{"osm_id":9863236234}},{"type":"Feature","geometry":{"type":"Point","coordinates":[-122.423467,37.788227]},"properties":{"osm_id":9863236235}},{"type":"Feature","geometry":{"type":"Point","coordinates":[-122.423733,37.788195]},"properties":{"osm_id":9863236236}},{"type":"Feature","geometry":{"type":"Point","coordinates":[-122.420542,37.807648]},"properties":{"osm_id":9877596398}},{"type":"Feature","geometry":{"type":"Point","coordinates":[-122.410968,37.759241]},"properties":{"osm_id":9880226735}},{"type":"Feature","geometry":{"type":"Point","coordinates":[-122.41064,37.759064]},"properties":{"osm_id":9880226736}},{"type":"Feature","geometry":{"type":"Point","coordinates":[-122.410753,37.759054]},"properties":{"osm_id":9880226737}},{"type":"Feature","geometry":{"type":"Point","coordinates":[-122.416586,37.795621]},"properties":{"osm_id":9886289593}},{"type":"Feature","geometry":{"type":"Point","coordinates":[-122.416536,37.795746]},"properties":{"osm_id":9886289594}},{"type":"Feature","geometry":{"type":"Point","coordinates":[-122.453264,37.777713]},"properties":{"osm_id":9893751095}},{"type":"Feature","geometry":{"type":"Point","coordinates":[-122.41242,37.808453]},"properties":{"osm_id":9896488870}},{"type":"Feature","geometry":{"type":"Point","coordinates":[-122.4126,37.808513]},"properties":{"osm_id":9896488880}},{"type":"Feature","geometry":{"type":"Point","coordinates":[-122.41445,37.808968]},"properties":{"osm_id":9896488898}},{"type":"Feature","geometry":{"type":"Point","coordinates":[-122.411788,37.787764]},"properties":{"osm_id":9900301681}},{"type":"Feature","geometry":{"type":"Point","coordinates":[-122.41159,37.787789]},"properties":{"osm_id":9900379276}},{"type":"Feature","geometry":{"type":"Point","coordinates":[-122.408528,37.789128]},"properties":{"osm_id":9900613193}},{"type":"Feature","geometry":{"type":"Point","coordinates":[-122.408169,37.787571]},"properties":{"osm_id":9900999697}},{"type":"Feature","geometry":{"type":"Point","coordinates":[-122.419435,37.785059]},"properties":{"osm_id":9956258785}},{"type":"Feature","geometry":{"type":"Point","coordinates":[-122.4098,37.770511]},"properties":{"osm_id":9966250325}},{"type":"Feature","geometry":{"type":"Point","coordinates":[-122.409953,37.770338]},"properties":{"osm_id":9966250326}},{"type":"Feature","geometry":{"type":"Point","coordinates":[-122.426736,37.76903]},"properties":{"osm_id":9966519474}},{"type":"Feature","geometry":{"type":"Point","coordinates":[-122.41229,37.78059]},"properties":{"osm_id":10000906006}},{"type":"Feature","geometry":{"type":"Point","coordinates":[-122.412313,37.780411]},"properties":{"osm_id":10000906010}},{"type":"Feature","geometry":{"type":"Point","coordinates":[-122.404817,37.786956]},"properties":{"osm_id":10000916363}},{"type":"Feature","geometry":{"type":"Point","coordinates":[-122.458203,37.774395]},"properties":{"osm_id":10005817336}},{"type":"Feature","geometry":{"type":"Point","coordinates":[-122.415399,37.78175]},"properties":{"osm_id":10008162921}},{"type":"Feature","geometry":{"type":"Point","coordinates":[-122.417121,37.781586]},"properties":{"osm_id":10008162922}},{"type":"Feature","geometry":{"type":"Point","coordinates":[-122.404993,37.783796]},"properties":{"osm_id":10017098115}},{"type":"Feature","geometry":{"type":"Point","coordinates":[-122.407069,37.783082]},"properties":{"osm_id":10017312434}},{"type":"Feature","geometry":{"type":"Point","coordinates":[-122.406955,37.783281]},"properties":{"osm_id":10017312437}},{"type":"Feature","geometry":{"type":"Point","coordinates":[-122.412689,37.78496]},"properties":{"osm_id":10023428671}},{"type":"Feature","geometry":{"type":"Point","coordinates":[-122.410237,37.782418]},"properties":{"osm_id":10028262796}},{"type":"Feature","geometry":{"type":"Point","coordinates":[-122.410339,37.782071]},"properties":{"osm_id":10028262807}},{"type":"Feature","geometry":{"type":"Point","coordinates":[-122.410198,37.782044]},"properties":{"osm_id":10028262808}},{"type":"Feature","geometry":{"type":"Point","coordinates":[-122.413872,37.789456]},"properties":{"osm_id":10039959895}},{"type":"Feature","geometry":{"type":"Point","coordinates":[-122.413608,37.789485]},"properties":{"osm_id":10039959898}},{"type":"Feature","geometry":{"type":"Point","coordinates":[-122.41364,37.789447]},"properties":{"osm_id":10039959899}},{"type":"Feature","geometry":{"type":"Point","coordinates":[-122.412914,37.789574]},"properties":{"osm_id":10040019743}},{"type":"Feature","geometry":{"type":"Point","coordinates":[-122.418558,37.781357]},"properties":{"osm_id":10045340698}},{"type":"Feature","geometry":{"type":"Point","coordinates":[-122.370203,37.825278]},"properties":{"osm_id":10057579675}},{"type":"Feature","geometry":{"type":"Point","coordinates":[-122.370989,37.824948]},"properties":{"osm_id":10057579676}},{"type":"Feature","geometry":{"type":"Point","coordinates":[-122.48022,37.763518]},"properties":{"osm_id":10155561732}},{"type":"Feature","geometry":{"type":"Point","coordinates":[-122.447465,37.781195]},"properties":{"osm_id":10249489388}},{"type":"Feature","geometry":{"type":"Point","coordinates":[-122.447683,37.781166]},"properties":{"osm_id":10249489389}},{"type":"Feature","geometry":{"type":"Point","coordinates":[-122.478616,37.734015]},"properties":{"osm_id":10272090443}},{"type":"Feature","geometry":{"type":"Point","coordinates":[-122.399513,37.786719]},"properties":{"osm_id":10560387479}},{"type":"Feature","geometry":{"type":"Point","coordinates":[-122.420211,37.774625]},"properties":{"osm_id":10572259313}},{"type":"Feature","geometry":{"type":"Point","coordinates":[-122.434108,37.772665]},"properties":{"osm_id":10573779781}},{"type":"Feature","geometry":{"type":"Point","coordinates":[-122.436111,37.775351]},"properties":{"osm_id":10573783990}},{"type":"Feature","geometry":{"type":"Point","coordinates":[-122.436288,37.775145]},"properties":{"osm_id":10573783991}},{"type":"Feature","geometry":{"type":"Point","coordinates":[-122.43643,37.776943]},"properties":{"osm_id":10573783996}},{"type":"Feature","geometry":{"type":"Point","coordinates":[-122.46071,37.767562]},"properties":{"osm_id":10585209545}},{"type":"Feature","geometry":{"type":"Point","coordinates":[-122.460636,37.767655]},"properties":{"osm_id":10585209546}},{"type":"Feature","geometry":{"type":"Point","coordinates":[-122.473405,37.787158]},"properties":{"osm_id":10587455237}},{"type":"Feature","geometry":{"type":"Point","coordinates":[-122.474221,37.786182]},"properties":{"osm_id":10587670537}},{"type":"Feature","geometry":{"type":"Point","coordinates":[-122.475923,37.763546]},"properties":{"osm_id":10612927300}},{"type":"Feature","geometry":{"type":"Point","coordinates":[-122.494219,37.770305]},"properties":{"osm_id":10613045021}},{"type":"Feature","geometry":{"type":"Point","coordinates":[-122.493864,37.774084]},"properties":{"osm_id":10613050084}},{"type":"Feature","geometry":{"type":"Point","coordinates":[-122.48956,37.774129]},"properties":{"osm_id":10613067106}},{"type":"Feature","geometry":{"type":"Point","coordinates":[-122.475386,37.788464]},"properties":{"osm_id":10635227991}},{"type":"Feature","geometry":{"type":"Point","coordinates":[-122.474317,37.787907]},"properties":{"osm_id":10635227998}},{"type":"Feature","geometry":{"type":"Point","coordinates":[-122.474698,37.773077]},"properties":{"osm_id":10665929298}},{"type":"Feature","geometry":{"type":"Point","coordinates":[-122.474005,37.778722]},"properties":{"osm_id":10681979482}},{"type":"Feature","geometry":{"type":"Point","coordinates":[-122.473726,37.774998]},"properties":{"osm_id":10691472168}},{"type":"Feature","geometry":{"type":"Point","coordinates":[-122.445901,37.771996]},"properties":{"osm_id":10694045238}},{"type":"Feature","geometry":{"type":"Point","coordinates":[-122.447377,37.772884]},"properties":{"osm_id":10694045245}},{"type":"Feature","geometry":{"type":"Point","coordinates":[-122.469246,37.777078]},"properties":{"osm_id":10698162381}},{"type":"Feature","geometry":{"type":"Point","coordinates":[-122.435961,37.78199]},"properties":{"osm_id":10702656825}},{"type":"Feature","geometry":{"type":"Point","coordinates":[-122.436124,37.782926]},"properties":{"osm_id":10702656839}},{"type":"Feature","geometry":{"type":"Point","coordinates":[-122.439424,37.783519]},"properties":{"osm_id":10702685335}},{"type":"Feature","geometry":{"type":"Point","coordinates":[-122.477064,37.763712]},"properties":{"osm_id":10705377783}},{"type":"Feature","geometry":{"type":"Point","coordinates":[-122.4131,37.769856]},"properties":{"osm_id":10718222804}},{"type":"Feature","geometry":{"type":"Point","coordinates":[-122.410741,37.767015]},"properties":{"osm_id":10718390132}},{"type":"Feature","geometry":{"type":"Point","coordinates":[-122.410537,37.766812]},"properties":{"osm_id":10718390138}},{"type":"Feature","geometry":{"type":"Point","coordinates":[-122.410352,37.765538]},"properties":{"osm_id":10718390140}},{"type":"Feature","geometry":{"type":"Point","coordinates":[-122.410617,37.765738]},"properties":{"osm_id":10718390147}},{"type":"Feature","geometry":{"type":"Point","coordinates":[-122.410673,37.766305]},"properties":{"osm_id":10718390148}},{"type":"Feature","geometry":{"type":"Point","coordinates":[-122.41072,37.766807]},"properties":{"osm_id":10718390150}},{"type":"Feature","geometry":{"type":"Point","coordinates":[-122.486762,37.780146]},"properties":{"osm_id":10728615648}},{"type":"Feature","geometry":{"type":"Point","coordinates":[-122.486805,37.779815]},"properties":{"osm_id":10728615649}},{"type":"Feature","geometry":{"type":"Point","coordinates":[-122.480684,37.769639]},"properties":{"osm_id":10733847387}},{"type":"Feature","geometry":{"type":"Point","coordinates":[-122.412392,37.807559]},"properties":{"osm_id":10744052641}},{"type":"Feature","geometry":{"type":"Point","coordinates":[-122.422912,37.827332]},"properties":{"osm_id":10744198550}},{"type":"Feature","geometry":{"type":"Point","coordinates":[-122.477161,37.780259]},"properties":{"osm_id":10744252158}},{"type":"Feature","geometry":{"type":"Point","coordinates":[-122.476466,37.782473]},"properties":{"osm_id":10744312751}},{"type":"Feature","geometry":{"type":"Point","coordinates":[-122.475399,37.78253]},"properties":{"osm_id":10744312767}},{"type":"Feature","geometry":{"type":"Point","coordinates":[-122.474048,37.788582]},"properties":{"osm_id":10744391388}},{"type":"Feature","geometry":{"type":"Point","coordinates":[-122.473809,37.78775]},"properties":{"osm_id":10744391394}},{"type":"Feature","geometry":{"type":"Point","coordinates":[-122.473013,37.788086]},"properties":{"osm_id":10744391403}},{"type":"Feature","geometry":{"type":"Point","coordinates":[-122.473348,37.788568]},"properties":{"osm_id":10744395105}},{"type":"Feature","geometry":{"type":"Point","coordinates":[-122.423477,37.827318]},"properties":{"osm_id":10745336893}},{"type":"Feature","geometry":{"type":"Point","coordinates":[-122.424479,37.78521]},"properties":{"osm_id":10746955723}},{"type":"Feature","geometry":{"type":"Point","coordinates":[-122.424853,37.785579]},"properties":{"osm_id":10746955728}},{"type":"Feature","geometry":{"type":"Point","coordinates":[-122.39653,37.778494]},"properties":{"osm_id":10780794718}},{"type":"Feature","geometry":{"type":"Point","coordinates":[-122.39634,37.778368]},"properties":{"osm_id":10780794750}},{"type":"Feature","geometry":{"type":"Point","coordinates":[-122.459103,37.781384]},"properties":{"osm_id":10784973452}},{"type":"Feature","geometry":{"type":"Point","coordinates":[-122.458665,37.775525]},"properties":{"osm_id":10785201862}},{"type":"Feature","geometry":{"type":"Point","coordinates":[-122.47565,37.72132]},"properties":{"osm_id":10789049074}},{"type":"Feature","geometry":{"type":"Point","coordinates":[-122.477284,37.721491]},"properties":{"osm_id":10789049084}},{"type":"Feature","geometry":{"type":"Point","coordinates":[-122.478559,37.721885]},"properties":{"osm_id":10789049096}},{"type":"Feature","geometry":{"type":"Point","coordinates":[-122.482736,37.780049]},"properties":{"osm_id":10790894158}},{"type":"Feature","geometry":{"type":"Point","coordinates":[-122.48584,37.778189]},"properties":{"osm_id":10797480731}},{"type":"Feature","geometry":{"type":"Point","coordinates":[-122.410175,37.788188]},"properties":{"osm_id":10802171469}},{"type":"Feature","geometry":{"type":"Point","coordinates":[-122.410243,37.788004]},"properties":{"osm_id":10802452142}},{"type":"Feature","geometry":{"type":"Point","coordinates":[-122.481602,37.782038]},"properties":{"osm_id":10830894156}},{"type":"Feature","geometry":{"type":"Point","coordinates":[-122.400972,37.774976]},"properties":{"osm_id":10837316695}},{"type":"Feature","geometry":{"type":"Point","coordinates":[-122.404569,37.774315]},"properties":{"osm_id":10837316704}},{"type":"Feature","geometry":{"type":"Point","coordinates":[-122.404106,37.774687]},"properties":{"osm_id":10837331006}},{"type":"Feature","geometry":{"type":"Point","coordinates":[-122.401197,37.774795]},"properties":{"osm_id":10837331008}},{"type":"Feature","geometry":{"type":"Point","coordinates":[-122.404737,37.774137]},"properties":{"osm_id":10838624317}},{"type":"Feature","geometry":{"type":"Point","coordinates":[-122.397157,37.77795]},"properties":{"osm_id":10839937442}},{"type":"Feature","geometry":{"type":"Point","coordinates":[-122.403544,37.775157]},"properties":{"osm_id":10839937447}},{"type":"Feature","geometry":{"type":"Point","coordinates":[-122.402525,37.775906]},"properties":{"osm_id":10839937448}},{"type":"Feature","geometry":{"type":"Point","coordinates":[-122.402592,37.776211]},"properties":{"osm_id":10839937449}},{"type":"Feature","geometry":{"type":"Point","coordinates":[-122.400269,37.770587]},"properties":{"osm_id":10840578964}},{"type":"Feature","geometry":{"type":"Point","coordinates":[-122.394951,37.765145]},"properties":{"osm_id":10840578969}},{"type":"Feature","geometry":{"type":"Point","coordinates":[-122.394763,37.765153]},"properties":{"osm_id":10840578970}},{"type":"Feature","geometry":{"type":"Point","coordinates":[-122.398289,37.768927]},"properties":{"osm_id":10840578973}},{"type":"Feature","geometry":{"type":"Point","coordinates":[-122.399993,37.770344]},"properties":{"osm_id":10840578974}},{"type":"Feature","geometry":{"type":"Point","coordinates":[-122.396803,37.778398]},"properties":{"osm_id":10840578975}},{"type":"Feature","geometry":{"type":"Point","coordinates":[-122.401019,37.771182]},"properties":{"osm_id":10840578976}},{"type":"Feature","geometry":{"type":"Point","coordinates":[-122.401578,37.771643]},"properties":{"osm_id":10840578977}},{"type":"Feature","geometry":{"type":"Point","coordinates":[-122.403207,37.772906]},"properties":{"osm_id":10840578978}},{"type":"Feature","geometry":{"type":"Point","coordinates":[-122.405009,37.774241]},"properties":{"osm_id":10840578979}},{"type":"Feature","geometry":{"type":"Point","coordinates":[-122.399515,37.77729]},"properties":{"osm_id":10840578984}},{"type":"Feature","geometry":{"type":"Point","coordinates":[-122.398904,37.776805]},"properties":{"osm_id":10840578985}},{"type":"Feature","geometry":{"type":"Point","coordinates":[-122.398569,37.776536]},"properties":{"osm_id":10840578986}},{"type":"Feature","geometry":{"type":"Point","coordinates":[-122.396954,37.778809]},"properties":{"osm_id":10840578987}},{"type":"Feature","geometry":{"type":"Point","coordinates":[-122.398756,37.776724]},"properties":{"osm_id":10840578988}},{"type":"Feature","geometry":{"type":"Point","coordinates":[-122.397168,37.777731]},"properties":{"osm_id":10840578992}},{"type":"Feature","geometry":{"type":"Point","coordinates":[-122.397136,37.777748]},"properties":{"osm_id":10840578993}},{"type":"Feature","geometry":{"type":"Point","coordinates":[-122.398574,37.776609]},"properties":{"osm_id":10840578994}},{"type":"Feature","geometry":{"type":"Point","coordinates":[-122.403424,37.77304]},"properties":{"osm_id":10844155323}},{"type":"Feature","geometry":{"type":"Point","coordinates":[-122.397994,37.779346]},"properties":{"osm_id":10857386214}},{"type":"Feature","geometry":{"type":"Point","coordinates":[-122.398148,37.779412]},"properties":{"osm_id":10857386215}},{"type":"Feature","geometry":{"type":"Point","coordinates":[-122.398163,37.779748]},"properties":{"osm_id":10857386219}},{"type":"Feature","geometry":{"type":"Point","coordinates":[-122.398507,37.780015]},"properties":{"osm_id":10857386220}},{"type":"Feature","geometry":{"type":"Point","coordinates":[-122.398936,37.780562]},"properties":{"osm_id":10857386221}},{"type":"Feature","geometry":{"type":"Point","coordinates":[-122.399204,37.780577]},"properties":{"osm_id":10857386224}},{"type":"Feature","geometry":{"type":"Point","coordinates":[-122.399407,37.780848]},"properties":{"osm_id":10857386225}},{"type":"Feature","geometry":{"type":"Point","coordinates":[-122.399866,37.780751]},"properties":{"osm_id":10857386227}},{"type":"Feature","geometry":{"type":"Point","coordinates":[-122.399898,37.780731]},"properties":{"osm_id":10857386228}},{"type":"Feature","geometry":{"type":"Point","coordinates":[-122.39934,37.781175]},"properties":{"osm_id":10857386230}},{"type":"Feature","geometry":{"type":"Point","coordinates":[-122.399687,37.780964]},"properties":{"osm_id":10857386234}},{"type":"Feature","geometry":{"type":"Point","coordinates":[-122.40433,37.784643]},"properties":{"osm_id":10857386239}},{"type":"Feature","geometry":{"type":"Point","coordinates":[-122.400292,37.781229]},"properties":{"osm_id":10857386240}},{"type":"Feature","geometry":{"type":"Point","coordinates":[-122.400248,37.781409]},"properties":{"osm_id":10857386241}},{"type":"Feature","geometry":{"type":"Point","coordinates":[-122.400486,37.78158]},"properties":{"osm_id":10857386246}},{"type":"Feature","geometry":{"type":"Point","coordinates":[-122.400771,37.781583]},"properties":{"osm_id":10857386248}},{"type":"Feature","geometry":{"type":"Point","coordinates":[-122.401153,37.781873]},"properties":{"osm_id":10857386253}},{"type":"Feature","geometry":{"type":"Point","coordinates":[-122.401377,37.781987]},"properties":{"osm_id":10857386254}},{"type":"Feature","geometry":{"type":"Point","coordinates":[-122.401101,37.782195]},"properties":{"osm_id":10857386255}},{"type":"Feature","geometry":{"type":"Point","coordinates":[-122.401018,37.781992]},"properties":{"osm_id":10857386256}},{"type":"Feature","geometry":{"type":"Point","coordinates":[-122.401879,37.782375]},"properties":{"osm_id":10857386262}},{"type":"Feature","geometry":{"type":"Point","coordinates":[-122.402475,37.782946]},"properties":{"osm_id":10857386264}},{"type":"Feature","geometry":{"type":"Point","coordinates":[-122.402666,37.783107]},"properties":{"osm_id":10857386266}},{"type":"Feature","geometry":{"type":"Point","coordinates":[-122.402801,37.783423]},"properties":{"osm_id":10857386273}},{"type":"Feature","geometry":{"type":"Point","coordinates":[-122.403255,37.783785]},"properties":{"osm_id":10857386280}},{"type":"Feature","geometry":{"type":"Point","coordinates":[-122.403611,37.783828]},"properties":{"osm_id":10857386281}},{"type":"Feature","geometry":{"type":"Point","coordinates":[-122.404089,37.784457]},"properties":{"osm_id":10857386291}},{"type":"Feature","geometry":{"type":"Point","coordinates":[-122.404501,37.784422]},"properties":{"osm_id":10857386293}},{"type":"Feature","geometry":{"type":"Point","coordinates":[-122.403186,37.783021]},"properties":{"osm_id":10857386295}},{"type":"Feature","geometry":{"type":"Point","coordinates":[-122.399613,37.778507]},"properties":{"osm_id":10859130837}},{"type":"Feature","geometry":{"type":"Point","coordinates":[-122.402074,37.779013]},"properties":{"osm_id":10859130844}},{"type":"Feature","geometry":{"type":"Point","coordinates":[-122.401893,37.779189]},"properties":{"osm_id":10859130845}},{"type":"Feature","geometry":{"type":"Point","coordinates":[-122.401847,37.779196]},"properties":{"osm_id":10859130846}},{"type":"Feature","geometry":{"type":"Point","coordinates":[-122.403183,37.780319]},"properties":{"osm_id":10859130848}},{"type":"Feature","geometry":{"type":"Point","coordinates":[-122.403384,37.780428]},"properties":{"osm_id":10859130850}},{"type":"Feature","geometry":{"type":"Point","coordinates":[-122.405586,37.781809]},"properties":{"osm_id":10859130855}},{"type":"Feature","geometry":{"type":"Point","coordinates":[-122.405353,37.78195]},"properties":{"osm_id":10859130856}},{"type":"Feature","geometry":{"type":"Point","coordinates":[-122.40594,37.782454]},"properties":{"osm_id":10859130861}},{"type":"Feature","geometry":{"type":"Point","coordinates":[-122.406693,37.782698]},"properties":{"osm_id":10859130863}},{"type":"Feature","geometry":{"type":"Point","coordinates":[-122.406571,37.782901]},"properties":{"osm_id":10859130864}},{"type":"Feature","geometry":{"type":"Point","coordinates":[-122.406279,37.782768]},"properties":{"osm_id":10859130865}},{"type":"Feature","geometry":{"type":"Point","coordinates":[-122.405738,37.783205]},"properties":{"osm_id":10859130870}},{"type":"Feature","geometry":{"type":"Point","coordinates":[-122.403688,37.78506]},"properties":{"osm_id":10859130878}},{"type":"Feature","geometry":{"type":"Point","coordinates":[-122.40321,37.785449]},"properties":{"osm_id":10859130879}},{"type":"Feature","geometry":{"type":"Point","coordinates":[-122.402779,37.78555]},"properties":{"osm_id":10859130881}},{"type":"Feature","geometry":{"type":"Point","coordinates":[-122.396461,37.781]},"properties":{"osm_id":10859142426}},{"type":"Feature","geometry":{"type":"Point","coordinates":[-122.395667,37.781296]},"properties":{"osm_id":10859142431}},{"type":"Feature","geometry":{"type":"Point","coordinates":[-122.395832,37.78149]},"properties":{"osm_id":10859142432}},{"type":"Feature","geometry":{"type":"Point","coordinates":[-122.396073,37.781371]},"properties":{"osm_id":10859142434}},{"type":"Feature","geometry":{"type":"Point","coordinates":[-122.396262,37.781752]},"properties":{"osm_id":10859142442}},{"type":"Feature","geometry":{"type":"Point","coordinates":[-122.396496,37.781629]},"properties":{"osm_id":10859142443}},{"type":"Feature","geometry":{"type":"Point","coordinates":[-122.396934,37.782011]},"properties":{"osm_id":10859142446}},{"type":"Feature","geometry":{"type":"Point","coordinates":[-122.396855,37.782226]},"properties":{"osm_id":10859142447}},{"type":"Feature","geometry":{"type":"Point","coordinates":[-122.397378,37.782409]},"properties":{"osm_id":10859142451}},{"type":"Feature","geometry":{"type":"Point","coordinates":[-122.397213,37.782535]},"properties":{"osm_id":10859142452}},{"type":"Feature","geometry":{"type":"Point","coordinates":[-122.397624,37.782534]},"properties":{"osm_id":10859142453}},{"type":"Feature","geometry":{"type":"Point","coordinates":[-122.397453,37.782723]},"properties":{"osm_id":10859142454}},{"type":"Feature","geometry":{"type":"Point","coordinates":[-122.398099,37.782156]},"properties":{"osm_id":10859142457}},{"type":"Feature","geometry":{"type":"Point","coordinates":[-122.397844,37.783024]},"properties":{"osm_id":10859142462}},{"type":"Feature","geometry":{"type":"Point","coordinates":[-122.398313,37.783152]},"properties":{"osm_id":10859142465}},{"type":"Feature","geometry":{"type":"Point","coordinates":[-122.398033,37.784747]},"properties":{"osm_id":10859142477}},{"type":"Feature","geometry":{"type":"Point","coordinates":[-122.398582,37.785331]},"properties":{"osm_id":10859142482}},{"type":"Feature","geometry":{"type":"Point","coordinates":[-122.399228,37.785843]},"properties":{"osm_id":10859142485}},{"type":"Feature","geometry":{"type":"Point","coordinates":[-122.399154,37.786253]},"properties":{"osm_id":10859142487}},{"type":"Feature","geometry":{"type":"Point","coordinates":[-122.398679,37.786334]},"properties":{"osm_id":10859142490}},{"type":"Feature","geometry":{"type":"Point","coordinates":[-122.398071,37.78673]},"properties":{"osm_id":10859142493}},{"type":"Feature","geometry":{"type":"Point","coordinates":[-122.398228,37.786937]},"properties":{"osm_id":10859142494}},{"type":"Feature","geometry":{"type":"Point","coordinates":[-122.398463,37.786753]},"properties":{"osm_id":10859142496}},{"type":"Feature","geometry":{"type":"Point","coordinates":[-122.3989,37.786409]},"properties":{"osm_id":10859142499}},{"type":"Feature","geometry":{"type":"Point","coordinates":[-122.399165,37.786207]},"properties":{"osm_id":10859142521}},{"type":"Feature","geometry":{"type":"Point","coordinates":[-122.399884,37.787011]},"properties":{"osm_id":10859142523}},{"type":"Feature","geometry":{"type":"Point","coordinates":[-122.399945,37.787104]},"properties":{"osm_id":10859142525}},{"type":"Feature","geometry":{"type":"Point","coordinates":[-122.400112,37.78697]},"properties":{"osm_id":10859142526}},{"type":"Feature","geometry":{"type":"Point","coordinates":[-122.400362,37.787394]},"properties":{"osm_id":10859142534}},{"type":"Feature","geometry":{"type":"Point","coordinates":[-122.400719,37.787417]},"properties":{"osm_id":10859142539}},{"type":"Feature","geometry":{"type":"Point","coordinates":[-122.400612,37.787279]},"properties":{"osm_id":10859142541}},{"type":"Feature","geometry":{"type":"Point","coordinates":[-122.401046,37.787161]},"properties":{"osm_id":10859142550}},{"type":"Feature","geometry":{"type":"Point","coordinates":[-122.401325,37.786939]},"properties":{"osm_id":10859142552}},{"type":"Feature","geometry":{"type":"Point","coordinates":[-122.401465,37.78681]},"properties":{"osm_id":10859142553}},{"type":"Feature","geometry":{"type":"Point","coordinates":[-122.401984,37.786414]},"properties":{"osm_id":10859142557}},{"type":"Feature","geometry":{"type":"Point","coordinates":[-122.402088,37.786397]},"properties":{"osm_id":10859142558}},{"type":"Feature","geometry":{"type":"Point","coordinates":[-122.401848,37.786231]},"properties":{"osm_id":10859142561}},{"type":"Feature","geometry":{"type":"Point","coordinates":[-122.401401,37.785605]},"properties":{"osm_id":10859142564}},{"type":"Feature","geometry":{"type":"Point","coordinates":[-122.403537,37.785187]},"properties":{"osm_id":10859142625}},{"type":"Feature","geometry":{"type":"Point","coordinates":[-122.4027,37.785845]},"properties":{"osm_id":10859142634}},{"type":"Feature","geometry":{"type":"Point","coordinates":[-122.395733,37.77911]},"properties":{"osm_id":10869882834}},{"type":"Feature","geometry":{"type":"Point","coordinates":[-122.395463,37.779329]},"properties":{"osm_id":10869882837}},{"type":"Feature","geometry":{"type":"Point","coordinates":[-122.395013,37.779683]},"properties":{"osm_id":10869882841}},{"type":"Feature","geometry":{"type":"Point","coordinates":[-122.394515,37.780117]},"properties":{"osm_id":10869882848}},{"type":"Feature","geometry":{"type":"Point","coordinates":[-122.394358,37.780255]},"properties":{"osm_id":10869882849}},{"type":"Feature","geometry":{"type":"Point","coordinates":[-122.394291,37.780256]},"properties":{"osm_id":10869882850}},{"type":"Feature","geometry":{"type":"Point","coordinates":[-122.393788,37.780647]},"properties":{"osm_id":10869882852}},{"type":"Feature","geometry":{"type":"Point","coordinates":[-122.393361,37.78098]},"properties":{"osm_id":10869882855}},{"type":"Feature","geometry":{"type":"Point","coordinates":[-122.393227,37.781094]},"properties":{"osm_id":10869882857}},{"type":"Feature","geometry":{"type":"Point","coordinates":[-122.392722,37.781486]},"properties":{"osm_id":10869882861}},{"type":"Feature","geometry":{"type":"Point","coordinates":[-122.392279,37.781843]},"properties":{"osm_id":10869882864}},{"type":"Feature","geometry":{"type":"Point","coordinates":[-122.392292,37.781896]},"properties":{"osm_id":10869882865}},{"type":"Feature","geometry":{"type":"Point","coordinates":[-122.395945,37.792527]},"properties":{"osm_id":10869882883}},{"type":"Feature","geometry":{"type":"Point","coordinates":[-122.395721,37.792339]},"properties":{"osm_id":10869882884}},{"type":"Feature","geometry":{"type":"Point","coordinates":[-122.396623,37.792941]},"properties":{"osm_id":10869882889}},{"type":"Feature","geometry":{"type":"Point","coordinates":[-122.396312,37.7932]},"properties":{"osm_id":10869882890}},{"type":"Feature","geometry":{"type":"Point","coordinates":[-122.396594,37.793194]},"properties":{"osm_id":10869882891}},{"type":"Feature","geometry":{"type":"Point","coordinates":[-122.396315,37.793863]},"properties":{"osm_id":10869882896}},{"type":"Feature","geometry":{"type":"Point","coordinates":[-122.396487,37.79468]},"properties":{"osm_id":10869882899}},{"type":"Feature","geometry":{"type":"Point","coordinates":[-122.39664,37.795445]},"properties":{"osm_id":10869899305}},{"type":"Feature","geometry":{"type":"Point","coordinates":[-122.39689,37.795364]},"properties":{"osm_id":10869899306}},{"type":"Feature","geometry":{"type":"Point","coordinates":[-122.396928,37.79541]},"properties":{"osm_id":10869899307}},{"type":"Feature","geometry":{"type":"Point","coordinates":[-122.396667,37.795598]},"properties":{"osm_id":10869899308}},{"type":"Feature","geometry":{"type":"Point","coordinates":[-122.396933,37.795574]},"properties":{"osm_id":10869899309}},{"type":"Feature","geometry":{"type":"Point","coordinates":[-122.397142,37.796367]},"properties":{"osm_id":10869899316}},{"type":"Feature","geometry":{"type":"Point","coordinates":[-122.39707,37.796254]},"properties":{"osm_id":10869899317}},{"type":"Feature","geometry":{"type":"Point","coordinates":[-122.394151,37.794707]},"properties":{"osm_id":10869899334}},{"type":"Feature","geometry":{"type":"Point","coordinates":[-122.394107,37.794673]},"properties":{"osm_id":10869899335}},{"type":"Feature","geometry":{"type":"Point","coordinates":[-122.392724,37.793504]},"properties":{"osm_id":10869899346}},{"type":"Feature","geometry":{"type":"Point","coordinates":[-122.3914,37.792334]},"properties":{"osm_id":10869899359}},{"type":"Feature","geometry":{"type":"Point","coordinates":[-122.391354,37.79212]},"properties":{"osm_id":10869899360}},{"type":"Feature","geometry":{"type":"Point","coordinates":[-122.390324,37.790739]},"properties":{"osm_id":10869899377}},{"type":"Feature","geometry":{"type":"Point","coordinates":[-122.390235,37.790546]},"properties":{"osm_id":10869899382}},{"type":"Feature","geometry":{"type":"Point","coordinates":[-122.389968,37.790522]},"properties":{"osm_id":10869899384}},{"type":"Feature","geometry":{"type":"Point","coordinates":[-122.388786,37.789479]},"properties":{"osm_id":10869899390}},{"type":"Feature","geometry":{"type":"Point","coordinates":[-122.38805,37.787622]},"properties":{"osm_id":10869899399}},{"type":"Feature","geometry":{"type":"Point","coordinates":[-122.389189,37.784277]},"properties":{"osm_id":10869899415}},{"type":"Feature","geometry":{"type":"Point","coordinates":[-122.389971,37.783778]},"properties":{"osm_id":10869899421}},{"type":"Feature","geometry":{"type":"Point","coordinates":[-122.390058,37.783589]},"properties":{"osm_id":10869899424}},{"type":"Feature","geometry":{"type":"Point","coordinates":[-122.390726,37.783059]},"properties":{"osm_id":10869899428}},{"type":"Feature","geometry":{"type":"Point","coordinates":[-122.391494,37.782459]},"properties":{"osm_id":10869899433}},{"type":"Feature","geometry":{"type":"Point","coordinates":[-122.39205,37.78202]},"properties":{"osm_id":10869899436}},{"type":"Feature","geometry":{"type":"Point","coordinates":[-122.395126,37.780863]},"properties":{"osm_id":10874867137}},{"type":"Feature","geometry":{"type":"Point","coordinates":[-122.393574,37.782924]},"properties":{"osm_id":10874867151}},{"type":"Feature","geometry":{"type":"Point","coordinates":[-122.39342,37.783035]},"properties":{"osm_id":10874867153}},{"type":"Feature","geometry":{"type":"Point","coordinates":[-122.393039,37.782489]},"properties":{"osm_id":10874867160}},{"type":"Feature","geometry":{"type":"Point","coordinates":[-122.394916,37.780736]},"properties":{"osm_id":10874867181}},{"type":"Feature","geometry":{"type":"Point","coordinates":[-122.394814,37.780618]},"properties":{"osm_id":10874867182}},{"type":"Feature","geometry":{"type":"Point","coordinates":[-122.394865,37.779537]},"properties":{"osm_id":10874867193}},{"type":"Feature","geometry":{"type":"Point","coordinates":[-122.394764,37.779546]},"properties":{"osm_id":10874867198}},{"type":"Feature","geometry":{"type":"Point","coordinates":[-122.394085,37.780033]},"properties":{"osm_id":10874867200}},{"type":"Feature","geometry":{"type":"Point","coordinates":[-122.391872,37.781788]},"properties":{"osm_id":10874913812}},{"type":"Feature","geometry":{"type":"Point","coordinates":[-122.390642,37.782881]},"properties":{"osm_id":10874913823}},{"type":"Feature","geometry":{"type":"Point","coordinates":[-122.393577,37.779381]},"properties":{"osm_id":10874913897}},{"type":"Feature","geometry":{"type":"Point","coordinates":[-122.388391,37.783534]},"properties":{"osm_id":10874913937}},{"type":"Feature","geometry":{"type":"Point","coordinates":[-122.388505,37.782216]},"properties":{"osm_id":10874913955}},{"type":"Feature","geometry":{"type":"Point","coordinates":[-122.390185,37.776409]},"properties":{"osm_id":10874914050}},{"type":"Feature","geometry":{"type":"Point","coordinates":[-122.387407,37.775855]},"properties":{"osm_id":10874914053}},{"type":"Feature","geometry":{"type":"Point","coordinates":[-122.387088,37.774845]},"properties":{"osm_id":10874914061}},{"type":"Feature","geometry":{"type":"Point","coordinates":[-122.387247,37.773871]},"properties":{"osm_id":10874914073}},{"type":"Feature","geometry":{"type":"Point","coordinates":[-122.387137,37.772903]},"properties":{"osm_id":10874914089}},{"type":"Feature","geometry":{"type":"Point","coordinates":[-122.386578,37.771672]},"properties":{"osm_id":10874914106}},{"type":"Feature","geometry":{"type":"Point","coordinates":[-122.386424,37.76887]},"properties":{"osm_id":10874914116}},{"type":"Feature","geometry":{"type":"Point","coordinates":[-122.386507,37.768934]},"properties":{"osm_id":10874914117}},{"type":"Feature","geometry":{"type":"Point","coordinates":[-122.388099,37.768834]},"properties":{"osm_id":10874914122}},{"type":"Feature","geometry":{"type":"Point","coordinates":[-122.389483,37.769042]},"properties":{"osm_id":10874914124}},{"type":"Feature","geometry":{"type":"Point","coordinates":[-122.389572,37.769964]},"properties":{"osm_id":10874914130}},{"type":"Feature","geometry":{"type":"Point","coordinates":[-122.389652,37.770779]},"properties":{"osm_id":10874914132}},{"type":"Feature","geometry":{"type":"Point","coordinates":[-122.389741,37.77171]},"properties":{"osm_id":10874914135}},{"type":"Feature","geometry":{"type":"Point","coordinates":[-122.389826,37.77263]},"properties":{"osm_id":10874914139}},{"type":"Feature","geometry":{"type":"Point","coordinates":[-122.389906,37.773456]},"properties":{"osm_id":10874914143}},{"type":"Feature","geometry":{"type":"Point","coordinates":[-122.389962,37.774092]},"properties":{"osm_id":10874914149}},{"type":"Feature","geometry":{"type":"Point","coordinates":[-122.390105,37.774647]},"properties":{"osm_id":10874914151}},{"type":"Feature","geometry":{"type":"Point","coordinates":[-122.390256,37.774638]},"properties":{"osm_id":10874914152}},{"type":"Feature","geometry":{"type":"Point","coordinates":[-122.390053,37.77519]},"properties":{"osm_id":10874914154}},{"type":"Feature","geometry":{"type":"Point","coordinates":[-122.395967,37.777745]},"properties":{"osm_id":10876245799}},{"type":"Feature","geometry":{"type":"Point","coordinates":[-122.395713,37.777528]},"properties":{"osm_id":10876264305}},{"type":"Feature","geometry":{"type":"Point","coordinates":[-122.395255,37.777172]},"properties":{"osm_id":10876264306}},{"type":"Feature","geometry":{"type":"Point","coordinates":[-122.395108,37.777312]},"properties":{"osm_id":10876264307}},{"type":"Feature","geometry":{"type":"Point","coordinates":[-122.397577,37.780113]},"properties":{"osm_id":10882285101}},{"type":"Feature","geometry":{"type":"Point","coordinates":[-122.39646,37.780996]},"properties":{"osm_id":10882326810}},{"type":"Feature","geometry":{"type":"Point","coordinates":[-122.394605,37.782198]},"properties":{"osm_id":10882326823}},{"type":"Feature","geometry":{"type":"Point","coordinates":[-122.395176,37.782012]},"properties":{"osm_id":10882326840}},{"type":"Feature","geometry":{"type":"Point","coordinates":[-122.394506,37.782543]},"properties":{"osm_id":10882326844}},{"type":"Feature","geometry":{"type":"Point","coordinates":[-122.393672,37.782935]},"properties":{"osm_id":10882326849}},{"type":"Feature","geometry":{"type":"Point","coordinates":[-122.393826,37.783118]},"properties":{"osm_id":10882326850}},{"type":"Feature","geometry":{"type":"Point","coordinates":[-122.393592,37.783229]},"properties":{"osm_id":10882326851}},{"type":"Feature","geometry":{"type":"Point","coordinates":[-122.39701,37.780562]},"properties":{"osm_id":10882326856}},{"type":"Feature","geometry":{"type":"Point","coordinates":[-122.390163,37.768819]},"properties":{"osm_id":10897941839}},{"type":"Feature","geometry":{"type":"Point","coordinates":[-122.389999,37.768655]},"properties":{"osm_id":10897941840}},{"type":"Feature","geometry":{"type":"Point","coordinates":[-122.397551,37.777675]},"properties":{"osm_id":10917023031}},{"type":"Feature","geometry":{"type":"Point","coordinates":[-122.398078,37.777261]},"properties":{"osm_id":10917023034}},{"type":"Feature","geometry":{"type":"Point","coordinates":[-122.398428,37.77699]},"properties":{"osm_id":10917023035}},{"type":"Feature","geometry":{"type":"Point","coordinates":[-122.399529,37.775856]},"properties":{"osm_id":10917023037}},{"type":"Feature","geometry":{"type":"Point","coordinates":[-122.393706,37.776349]},"properties":{"osm_id":10917023079}},{"type":"Feature","geometry":{"type":"Point","coordinates":[-122.397421,37.779158]},"properties":{"osm_id":10917023083}},{"type":"Feature","geometry":{"type":"Point","coordinates":[-122.397223,37.778998]},"properties":{"osm_id":10917023087}},{"type":"Feature","geometry":{"type":"Point","coordinates":[-122.397906,37.778163]},"properties":{"osm_id":10917023102}},{"type":"Feature","geometry":{"type":"Point","coordinates":[-122.39706,37.775323]},"properties":{"osm_id":10917024127}},{"type":"Feature","geometry":{"type":"Point","coordinates":[-122.397277,37.775511]},"properties":{"osm_id":10917024129}},{"type":"Feature","geometry":{"type":"Point","coordinates":[-122.397308,37.775533]},"properties":{"osm_id":10917024130}},{"type":"Feature","geometry":{"type":"Point","coordinates":[-122.396581,37.777211]},"properties":{"osm_id":10917024152}},{"type":"Feature","geometry":{"type":"Point","coordinates":[-122.398042,37.776119]},"properties":{"osm_id":10917024156}},{"type":"Feature","geometry":{"type":"Point","coordinates":[-122.399499,37.776138]},"properties":{"osm_id":10917024159}},{"type":"Feature","geometry":{"type":"Point","coordinates":[-122.400346,37.775467]},"properties":{"osm_id":10917024168}},{"type":"Feature","geometry":{"type":"Point","coordinates":[-122.401038,37.774975]},"properties":{"osm_id":10917024172}},{"type":"Feature","geometry":{"type":"Point","coordinates":[-122.401575,37.774499]},"properties":{"osm_id":10917024176}},{"type":"Feature","geometry":{"type":"Point","coordinates":[-122.402144,37.774052]},"properties":{"osm_id":10917024178}},{"type":"Feature","geometry":{"type":"Point","coordinates":[-122.402262,37.77395]},"properties":{"osm_id":10917024179}},{"type":"Feature","geometry":{"type":"Point","coordinates":[-122.402731,37.773586]},"properties":{"osm_id":10917024185}},{"type":"Feature","geometry":{"type":"Point","coordinates":[-122.403191,37.773217]},"properties":{"osm_id":10917024186}},{"type":"Feature","geometry":{"type":"Point","coordinates":[-122.403453,37.773114]},"properties":{"osm_id":10917024189}},{"type":"Feature","geometry":{"type":"Point","coordinates":[-122.404157,37.772454]},"properties":{"osm_id":10917024191}},{"type":"Feature","geometry":{"type":"Point","coordinates":[-122.404428,37.772245]},"properties":{"osm_id":10917024192}},{"type":"Feature","geometry":{"type":"Point","coordinates":[-122.404788,37.77196]},"properties":{"osm_id":10917024193}},{"type":"Feature","geometry":{"type":"Point","coordinates":[-122.405501,37.771445]},"properties":{"osm_id":10917024197}},{"type":"Feature","geometry":{"type":"Point","coordinates":[-122.405648,37.771256]},"properties":{"osm_id":10917024200}},{"type":"Feature","geometry":{"type":"Point","coordinates":[-122.406323,37.770753]},"properties":{"osm_id":10917024202}},{"type":"Feature","geometry":{"type":"Point","coordinates":[-122.407221,37.77004]},"properties":{"osm_id":10917024221}},{"type":"Feature","geometry":{"type":"Point","coordinates":[-122.407629,37.769711]},"properties":{"osm_id":10917024222}},{"type":"Feature","geometry":{"type":"Point","coordinates":[-122.406826,37.770092]},"properties":{"osm_id":10917024225}},{"type":"Feature","geometry":{"type":"Point","coordinates":[-122.405233,37.77125]},"properties":{"osm_id":10917024229}},{"type":"Feature","geometry":{"type":"Point","coordinates":[-122.403898,37.770162]},"properties":{"osm_id":10917024243}},{"type":"Feature","geometry":{"type":"Point","coordinates":[-122.404014,37.770235]},"properties":{"osm_id":10917024248}},{"type":"Feature","geometry":{"type":"Point","coordinates":[-122.471549,37.763902]},"properties":{"osm_id":10958544193}},{"type":"Feature","geometry":{"type":"Point","coordinates":[-122.388645,37.789968]},"properties":{"osm_id":10968514748}},{"type":"Feature","geometry":{"type":"Point","coordinates":[-122.388679,37.790008]},"properties":{"osm_id":10968514749}},{"type":"Feature","geometry":{"type":"Point","coordinates":[-122.389699,37.790841]},"properties":{"osm_id":10968514752}},{"type":"Feature","geometry":{"type":"Point","coordinates":[-122.392394,37.79537]},"properties":{"osm_id":10968514791}},{"type":"Feature","geometry":{"type":"Point","coordinates":[-122.488472,37.774178]},"properties":{"osm_id":10975560087}},{"type":"Feature","geometry":{"type":"Point","coordinates":[-122.404439,37.792126]},"properties":{"osm_id":10997758994}},{"type":"Feature","geometry":{"type":"Point","coordinates":[-122.471045,37.786277]},"properties":{"osm_id":11009320680}},{"type":"Feature","geometry":{"type":"Point","coordinates":[-122.397746,37.787324]},"properties":{"osm_id":11019019805}},{"type":"Feature","geometry":{"type":"Point","coordinates":[-122.397541,37.787483]},"properties":{"osm_id":11019019806}},{"type":"Feature","geometry":{"type":"Point","coordinates":[-122.397264,37.787704]},"properties":{"osm_id":11019019807}},{"type":"Feature","geometry":{"type":"Point","coordinates":[-122.396744,37.788115]},"properties":{"osm_id":11019019810}},{"type":"Feature","geometry":{"type":"Point","coordinates":[-122.396015,37.788693]},"properties":{"osm_id":11019019815}},{"type":"Feature","geometry":{"type":"Point","coordinates":[-122.395356,37.789193]},"properties":{"osm_id":11019019817}},{"type":"Feature","geometry":{"type":"Point","coordinates":[-122.395639,37.789675]},"properties":{"osm_id":11019019820}},{"type":"Feature","geometry":{"type":"Point","coordinates":[-122.395247,37.78938]},"properties":{"osm_id":11019019826}},{"type":"Feature","geometry":{"type":"Point","coordinates":[-122.395116,37.789388]},"properties":{"osm_id":11019019827}},{"type":"Feature","geometry":{"type":"Point","coordinates":[-122.396755,37.787869]},"properties":{"osm_id":11019019834}},{"type":"Feature","geometry":{"type":"Point","coordinates":[-122.396127,37.788362]},"properties":{"osm_id":11019019838}},{"type":"Feature","geometry":{"type":"Point","coordinates":[-122.395862,37.788564]},"properties":{"osm_id":11019019840}},{"type":"Feature","geometry":{"type":"Point","coordinates":[-122.394977,37.789253]},"properties":{"osm_id":11019019849}},{"type":"Feature","geometry":{"type":"Point","coordinates":[-122.394107,37.789946]},"properties":{"osm_id":11019019854}},{"type":"Feature","geometry":{"type":"Point","coordinates":[-122.394418,37.790078]},"properties":{"osm_id":11019019858}},{"type":"Feature","geometry":{"type":"Point","coordinates":[-122.392364,37.791279]},"properties":{"osm_id":11019019877}},{"type":"Feature","geometry":{"type":"Point","coordinates":[-122.391605,37.791872]},"properties":{"osm_id":11019019884}},{"type":"Feature","geometry":{"type":"Point","coordinates":[-122.392589,37.79145]},"properties":{"osm_id":11019019897}},{"type":"Feature","geometry":{"type":"Point","coordinates":[-122.392742,37.791274]},"properties":{"osm_id":11019019898}},{"type":"Feature","geometry":{"type":"Point","coordinates":[-122.393444,37.790752]},"properties":{"osm_id":11019019911}},{"type":"Feature","geometry":{"type":"Point","coordinates":[-122.394361,37.790024]},"properties":{"osm_id":11019019939}},{"type":"Feature","geometry":{"type":"Point","coordinates":[-122.394523,37.789975]},"properties":{"osm_id":11019019942}},{"type":"Feature","geometry":{"type":"Point","coordinates":[-122.395844,37.783651]},"properties":{"osm_id":11021322081}},{"type":"Feature","geometry":{"type":"Point","coordinates":[-122.395137,37.784147]},"properties":{"osm_id":11021322085}},{"type":"Feature","geometry":{"type":"Point","coordinates":[-122.392206,37.785609]},"properties":{"osm_id":11021322094}},{"type":"Feature","geometry":{"type":"Point","coordinates":[-122.398534,37.781793]},"properties":{"osm_id":11021366809}},{"type":"Feature","geometry":{"type":"Point","coordinates":[-122.399048,37.782276]},"properties":{"osm_id":11021366813}},{"type":"Feature","geometry":{"type":"Point","coordinates":[-122.396718,37.783237]},"properties":{"osm_id":11021366821}},{"type":"Feature","geometry":{"type":"Point","coordinates":[-122.396474,37.783438]},"properties":{"osm_id":11021366823}},{"type":"Feature","geometry":{"type":"Point","coordinates":[-122.395439,37.784259]},"properties":{"osm_id":11021366832}},{"type":"Feature","geometry":{"type":"Point","coordinates":[-122.394794,37.784764]},"properties":{"osm_id":11021366856}},{"type":"Feature","geometry":{"type":"Point","coordinates":[-122.393993,37.785357]},"properties":{"osm_id":11021366859}},{"type":"Feature","geometry":{"type":"Point","coordinates":[-122.393007,37.786245]},"properties":{"osm_id":11021366868}},{"type":"Feature","geometry":{"type":"Point","coordinates":[-122.392279,37.786742]},"properties":{"osm_id":11021366875}},{"type":"Feature","geometry":{"type":"Point","coordinates":[-122.392017,37.786918]},"properties":{"osm_id":11021366878}},{"type":"Feature","geometry":{"type":"Point","coordinates":[-122.39052,37.788116]},"properties":{"osm_id":11021366884}},{"type":"Feature","geometry":{"type":"Point","coordinates":[-122.390286,37.788304]},"properties":{"osm_id":11021366886}},{"type":"Feature","geometry":{"type":"Point","coordinates":[-122.389641,37.788816]},"properties":{"osm_id":11021366889}},{"type":"Feature","geometry":{"type":"Point","coordinates":[-122.389372,37.789042]},"properties":{"osm_id":11021366892}},{"type":"Feature","geometry":{"type":"Point","coordinates":[-122.391602,37.787024]},"properties":{"osm_id":11021366902}},{"type":"Feature","geometry":{"type":"Point","coordinates":[-122.393076,37.777342]},"properties":{"osm_id":11041008163}},{"type":"Feature","geometry":{"type":"Point","coordinates":[-122.39266,37.777679]},"properties":{"osm_id":11041008167}},{"type":"Feature","geometry":{"type":"Point","coordinates":[-122.390923,37.779053]},"properties":{"osm_id":11041008184}},{"type":"Feature","geometry":{"type":"Point","coordinates":[-122.388064,37.781969]},"properties":{"osm_id":11041008185}},{"type":"Feature","geometry":{"type":"Point","coordinates":[-122.392149,37.778083]},"properties":{"osm_id":11041008193}},{"type":"Feature","geometry":{"type":"Point","coordinates":[-122.391828,37.778342]},"properties":{"osm_id":11041008195}},{"type":"Feature","geometry":{"type":"Point","coordinates":[-122.49064,37.785233]},"properties":{"osm_id":11065961175}},{"type":"Feature","geometry":{"type":"Point","coordinates":[-122.485024,37.785688]},"properties":{"osm_id":11065980117}},{"type":"Feature","geometry":{"type":"Point","coordinates":[-122.455568,37.794359]},"properties":{"osm_id":11072098672}},{"type":"Feature","geometry":{"type":"Point","coordinates":[-122.470018,37.801126]},"properties":{"osm_id":11110846869}},{"type":"Feature","geometry":{"type":"Point","coordinates":[-122.470225,37.80158]},"properties":{"osm_id":11110846895}},{"type":"Feature","geometry":{"type":"Point","coordinates":[-122.471143,37.802062]},"properties":{"osm_id":11110846898}},{"type":"Feature","geometry":{"type":"Point","coordinates":[-122.471849,37.801933]},"properties":{"osm_id":11110856308}},{"type":"Feature","geometry":{"type":"Point","coordinates":[-122.409086,37.792149]},"properties":{"osm_id":11165090312}},{"type":"Feature","geometry":{"type":"Point","coordinates":[-122.389752,37.774914]},"properties":{"osm_id":11166107069}},{"type":"Feature","geometry":{"type":"Point","coordinates":[-122.396381,37.770349]},"properties":{"osm_id":11166107072}},{"type":"Feature","geometry":{"type":"Point","coordinates":[-122.398969,37.769531]},"properties":{"osm_id":11166107076}},{"type":"Feature","geometry":{"type":"Point","coordinates":[-122.403198,37.769758]},"properties":{"osm_id":11166107085}},{"type":"Feature","geometry":{"type":"Point","coordinates":[-122.404117,37.769623]},"properties":{"osm_id":11166107088}},{"type":"Feature","geometry":{"type":"Point","coordinates":[-122.40035,37.77766]},"properties":{"osm_id":11166107090}},{"type":"Feature","geometry":{"type":"Point","coordinates":[-122.402884,37.769929]},"properties":{"osm_id":11166107099}},{"type":"Feature","geometry":{"type":"Point","coordinates":[-122.406162,37.771994]},"properties":{"osm_id":11166132505}},{"type":"Feature","geometry":{"type":"Point","coordinates":[-122.398614,37.779026]},"properties":{"osm_id":11166132508}},{"type":"Feature","geometry":{"type":"Point","coordinates":[-122.399132,37.778621]},"properties":{"osm_id":11166132511}},{"type":"Feature","geometry":{"type":"Point","coordinates":[-122.399736,37.778144]},"properties":{"osm_id":11166132513}},{"type":"Feature","geometry":{"type":"Point","coordinates":[-122.400121,37.777739]},"properties":{"osm_id":11166132516}},{"type":"Feature","geometry":{"type":"Point","coordinates":[-122.401443,37.777068]},"properties":{"osm_id":11166132529}},{"type":"Feature","geometry":{"type":"Point","coordinates":[-122.401426,37.776814]},"properties":{"osm_id":11166132531}},{"type":"Feature","geometry":{"type":"Point","coordinates":[-122.401995,37.776365]},"properties":{"osm_id":11166132534}},{"type":"Feature","geometry":{"type":"Point","coordinates":[-122.402353,37.77607]},"properties":{"osm_id":11166132541}},{"type":"Feature","geometry":{"type":"Point","coordinates":[-122.401873,37.775642]},"properties":{"osm_id":11166132543}},{"type":"Feature","geometry":{"type":"Point","coordinates":[-122.402036,37.775512]},"properties":{"osm_id":11166132555}},{"type":"Feature","geometry":{"type":"Point","coordinates":[-122.402951,37.775599]},"properties":{"osm_id":11166132560}},{"type":"Feature","geometry":{"type":"Point","coordinates":[-122.387599,37.775533]},"properties":{"osm_id":11166132572}},{"type":"Feature","geometry":{"type":"Point","coordinates":[-122.40519,37.773834]},"properties":{"osm_id":11166132575}},{"type":"Feature","geometry":{"type":"Point","coordinates":[-122.405808,37.773342]},"properties":{"osm_id":11166132576}},{"type":"Feature","geometry":{"type":"Point","coordinates":[-122.406335,37.772923]},"properties":{"osm_id":11166132580}},{"type":"Feature","geometry":{"type":"Point","coordinates":[-122.404119,37.769661]},"properties":{"osm_id":11166132584}},{"type":"Feature","geometry":{"type":"Point","coordinates":[-122.401224,37.740086]},"properties":{"osm_id":11182354081}},{"type":"Feature","geometry":{"type":"Point","coordinates":[-122.397882,37.738722]},"properties":{"osm_id":11182354083}},{"type":"Feature","geometry":{"type":"Point","coordinates":[-122.421431,37.777929]},"properties":{"osm_id":11198865792}},{"type":"Feature","geometry":{"type":"Point","coordinates":[-122.421374,37.777978]},"properties":{"osm_id":11198865793}},{"type":"Feature","geometry":{"type":"Point","coordinates":[-122.420177,37.77828]},"properties":{"osm_id":11198865798}},{"type":"Feature","geometry":{"type":"Point","coordinates":[-122.420044,37.778101]},"properties":{"osm_id":11198865799}},{"type":"Feature","geometry":{"type":"Point","coordinates":[-122.420172,37.778131]},"properties":{"osm_id":11198865800}},{"type":"Feature","geometry":{"type":"Point","coordinates":[-122.419635,37.778207]},"properties":{"osm_id":11198865802}},{"type":"Feature","geometry":{"type":"Point","coordinates":[-122.390893,37.775507]},"properties":{"osm_id":11198865817}},{"type":"Feature","geometry":{"type":"Point","coordinates":[-122.387643,37.775425]},"properties":{"osm_id":11198865835}},{"type":"Feature","geometry":{"type":"Point","coordinates":[-122.388394,37.7755]},"properties":{"osm_id":11198894541}},{"type":"Feature","geometry":{"type":"Point","coordinates":[-122.392053,37.773952]},"properties":{"osm_id":11198894555}},{"type":"Feature","geometry":{"type":"Point","coordinates":[-122.392546,37.773553]},"properties":{"osm_id":11198894560}},{"type":"Feature","geometry":{"type":"Point","coordinates":[-122.393041,37.77316]},"properties":{"osm_id":11198894567}},{"type":"Feature","geometry":{"type":"Point","coordinates":[-122.393659,37.772903]},"properties":{"osm_id":11198894576}},{"type":"Feature","geometry":{"type":"Point","coordinates":[-122.394011,37.77241]},"properties":{"osm_id":11198894580}},{"type":"Feature","geometry":{"type":"Point","coordinates":[-122.394704,37.771862]},"properties":{"osm_id":11198894589}},{"type":"Feature","geometry":{"type":"Point","coordinates":[-122.395281,37.771403]},"properties":{"osm_id":11198894604}},{"type":"Feature","geometry":{"type":"Point","coordinates":[-122.395808,37.770937]},"properties":{"osm_id":11198894613}},{"type":"Feature","geometry":{"type":"Point","coordinates":[-122.3959,37.770071]},"properties":{"osm_id":11198894624}},{"type":"Feature","geometry":{"type":"Point","coordinates":[-122.399923,37.768811]},"properties":{"osm_id":11198894648}},{"type":"Feature","geometry":{"type":"Point","coordinates":[-122.4005,37.768355]},"properties":{"osm_id":11198894654}},{"type":"Feature","geometry":{"type":"Point","coordinates":[-122.40026,37.767271]},"properties":{"osm_id":11198894668}},{"type":"Feature","geometry":{"type":"Point","coordinates":[-122.399704,37.766824]},"properties":{"osm_id":11198894680}},{"type":"Feature","geometry":{"type":"Point","coordinates":[-122.399987,37.766326]},"properties":{"osm_id":11198894686}},{"type":"Feature","geometry":{"type":"Point","coordinates":[-122.401772,37.764914]},"properties":{"osm_id":11198894695}},{"type":"Feature","geometry":{"type":"Point","coordinates":[-122.401707,37.764729]},"properties":{"osm_id":11198894696}},{"type":"Feature","geometry":{"type":"Point","coordinates":[-122.40083,37.764966]},"properties":{"osm_id":11198894703}},{"type":"Feature","geometry":{"type":"Point","coordinates":[-122.401382,37.764935]},"properties":{"osm_id":11198894704}},{"type":"Feature","geometry":{"type":"Point","coordinates":[-122.402429,37.764871]},"properties":{"osm_id":11198894707}},{"type":"Feature","geometry":{"type":"Point","coordinates":[-122.402856,37.765985]},"properties":{"osm_id":11198894710}},{"type":"Feature","geometry":{"type":"Point","coordinates":[-122.403051,37.767428]},"properties":{"osm_id":11198894715}},{"type":"Feature","geometry":{"type":"Point","coordinates":[-122.403724,37.767449]},"properties":{"osm_id":11198894718}},{"type":"Feature","geometry":{"type":"Point","coordinates":[-122.371184,37.8179]},"properties":{"osm_id":11230312320}},{"type":"Feature","geometry":{"type":"Point","coordinates":[-122.370565,37.818025]},"properties":{"osm_id":11230312323}},{"type":"Feature","geometry":{"type":"Point","coordinates":[-122.37141,37.819489]},"properties":{"osm_id":11230312330}},{"type":"Feature","geometry":{"type":"Point","coordinates":[-122.37233,37.820736]},"properties":{"osm_id":11230312332}},{"type":"Feature","geometry":{"type":"Point","coordinates":[-122.373298,37.822119]},"properties":{"osm_id":11230361239}},{"type":"Feature","geometry":{"type":"Point","coordinates":[-122.373913,37.82299]},"properties":{"osm_id":11230361240}},{"type":"Feature","geometry":{"type":"Point","coordinates":[-122.376246,37.825256]},"properties":{"osm_id":11230361246}},{"type":"Feature","geometry":{"type":"Point","coordinates":[-122.375409,37.823287]},"properties":{"osm_id":11230361253}},{"type":"Feature","geometry":{"type":"Point","coordinates":[-122.417204,37.80626]},"properties":{"osm_id":11254215573}},{"type":"Feature","geometry":{"type":"Point","coordinates":[-122.422278,37.806322]},"properties":{"osm_id":11254215588}},{"type":"Feature","geometry":{"type":"Point","coordinates":[-122.422134,37.806351]},"properties":{"osm_id":11254215589}},{"type":"Feature","geometry":{"type":"Point","coordinates":[-122.422169,37.805418]},"properties":{"osm_id":11254215602}},{"type":"Feature","geometry":{"type":"Point","coordinates":[-122.422914,37.805326]},"properties":{"osm_id":11254215604}},{"type":"Feature","geometry":{"type":"Point","coordinates":[-122.423537,37.805249]},"properties":{"osm_id":11254215608}},{"type":"Feature","geometry":{"type":"Point","coordinates":[-122.423853,37.805353]},"properties":{"osm_id":11254215611}},{"type":"Feature","geometry":{"type":"Point","coordinates":[-122.424458,37.805129]},"properties":{"osm_id":11254215613}},{"type":"Feature","geometry":{"type":"Point","coordinates":[-122.424622,37.802435]},"properties":{"osm_id":11254215616}},{"type":"Feature","geometry":{"type":"Point","coordinates":[-122.421994,37.805674]},"properties":{"osm_id":11254215619}},{"type":"Feature","geometry":{"type":"Point","coordinates":[-122.399495,37.783238]},"properties":{"osm_id":11265820885}},{"type":"Feature","geometry":{"type":"Point","coordinates":[-122.398996,37.783942]},"properties":{"osm_id":11265820889}},{"type":"Feature","geometry":{"type":"Point","coordinates":[-122.399004,37.783952]},"properties":{"osm_id":11265820890}},{"type":"Feature","geometry":{"type":"Point","coordinates":[-122.399112,37.783547]},"properties":{"osm_id":11265820906}},{"type":"Feature","geometry":{"type":"Point","coordinates":[-122.399472,37.784324]},"properties":{"osm_id":11265820907}},{"type":"Feature","geometry":{"type":"Point","coordinates":[-122.424634,37.800453]},"properties":{"osm_id":11289957756}},{"type":"Feature","geometry":{"type":"Point","coordinates":[-122.424126,37.800402]},"properties":{"osm_id":11289957759}},{"type":"Feature","geometry":{"type":"Point","coordinates":[-122.424761,37.801171]},"properties":{"osm_id":11289957761}},{"type":"Feature","geometry":{"type":"Point","coordinates":[-122.424762,37.801444]},"properties":{"osm_id":11289957762}},{"type":"Feature","geometry":{"type":"Point","coordinates":[-122.424387,37.801274]},"properties":{"osm_id":11289957763}},{"type":"Feature","geometry":{"type":"Point","coordinates":[-122.492558,37.784994]},"properties":{"osm_id":11336517395}},{"type":"Feature","geometry":{"type":"Point","coordinates":[-122.493083,37.786518]},"properties":{"osm_id":11336581393}},{"type":"Feature","geometry":{"type":"Point","coordinates":[-122.365385,37.818735]},"properties":{"osm_id":11338298761}},{"type":"Feature","geometry":{"type":"Point","coordinates":[-122.406343,37.806624]},"properties":{"osm_id":11390824771}},{"type":"Feature","geometry":{"type":"Point","coordinates":[-122.40736,37.8065]},"properties":{"osm_id":11390824772}},{"type":"Feature","geometry":{"type":"Point","coordinates":[-122.407041,37.80654]},"properties":{"osm_id":11390824773}},{"type":"Feature","geometry":{"type":"Point","coordinates":[-122.403389,37.805366]},"properties":{"osm_id":11390824848}},{"type":"Feature","geometry":{"type":"Point","coordinates":[-122.405784,37.80687]},"properties":{"osm_id":11390824858}},{"type":"Feature","geometry":{"type":"Point","coordinates":[-122.409112,37.80823]},"properties":{"osm_id":11390824913}},{"type":"Feature","geometry":{"type":"Point","coordinates":[-122.387407,37.77295]},"properties":{"osm_id":11498744768}},{"type":"Feature","geometry":{"type":"Point","coordinates":[-122.387211,37.772406]},"properties":{"osm_id":11498803273}},{"type":"Feature","geometry":{"type":"Point","coordinates":[-122.38717,37.77231]},"properties":{"osm_id":11498803274}},{"type":"Feature","geometry":{"type":"Point","coordinates":[-122.388238,37.772153]},"properties":{"osm_id":11498803276}},{"type":"Feature","geometry":{"type":"Point","coordinates":[-122.389038,37.77209]},"properties":{"osm_id":11498803282}},{"type":"Feature","geometry":{"type":"Point","coordinates":[-122.389489,37.772142]},"properties":{"osm_id":11498803284}},{"type":"Feature","geometry":{"type":"Point","coordinates":[-122.389496,37.772307]},"properties":{"osm_id":11498803287}},{"type":"Feature","geometry":{"type":"Point","coordinates":[-122.389489,37.772279]},"properties":{"osm_id":11498803288}},{"type":"Feature","geometry":{"type":"Point","coordinates":[-122.387047,37.772032]},"properties":{"osm_id":11498803297}},{"type":"Feature","geometry":{"type":"Point","coordinates":[-122.386858,37.7713]},"properties":{"osm_id":11498803304}},{"type":"Feature","geometry":{"type":"Point","coordinates":[-122.387521,37.771262]},"properties":{"osm_id":11498803307}},{"type":"Feature","geometry":{"type":"Point","coordinates":[-122.388121,37.771218]},"properties":{"osm_id":11498803309}},{"type":"Feature","geometry":{"type":"Point","coordinates":[-122.38879,37.771184]},"properties":{"osm_id":11498803311}},{"type":"Feature","geometry":{"type":"Point","coordinates":[-122.501935,37.762552]},"properties":{"osm_id":11517316314}},{"type":"Feature","geometry":{"type":"Point","coordinates":[-122.504079,37.762456]},"properties":{"osm_id":11517316316}},{"type":"Feature","geometry":{"type":"Point","coordinates":[-122.508083,37.762275]},"properties":{"osm_id":11517316320}},{"type":"Feature","geometry":{"type":"Point","coordinates":[-122.407613,37.764597]},"properties":{"osm_id":11556092717}},{"type":"Feature","geometry":{"type":"Point","coordinates":[-122.407576,37.764382]},"properties":{"osm_id":11556092718}},{"type":"Feature","geometry":{"type":"Point","coordinates":[-122.408618,37.764488]},"properties":{"osm_id":11556092719}},{"type":"Feature","geometry":{"type":"Point","coordinates":[-122.409592,37.764424]},"properties":{"osm_id":11556092720}},{"type":"Feature","geometry":{"type":"Point","coordinates":[-122.406599,37.764617]},"properties":{"osm_id":11556092721}},{"type":"Feature","geometry":{"type":"Point","coordinates":[-122.405652,37.764668]},"properties":{"osm_id":11556092722}},{"type":"Feature","geometry":{"type":"Point","coordinates":[-122.404354,37.76475]},"properties":{"osm_id":11556092723}},{"type":"Feature","geometry":{"type":"Point","coordinates":[-122.403667,37.764838]},"properties":{"osm_id":11556092724}},{"type":"Feature","geometry":{"type":"Point","coordinates":[-122.402786,37.764844]},"properties":{"osm_id":11556092725}},{"type":"Feature","geometry":{"type":"Point","coordinates":[-122.405782,37.765967]},"properties":{"osm_id":11556092726}},{"type":"Feature","geometry":{"type":"Point","coordinates":[-122.405441,37.76584]},"properties":{"osm_id":11556092727}},{"type":"Feature","geometry":{"type":"Point","coordinates":[-122.404758,37.766123]},"properties":{"osm_id":11556092732}},{"type":"Feature","geometry":{"type":"Point","coordinates":[-122.407828,37.765689]},"properties":{"osm_id":11556092733}},{"type":"Feature","geometry":{"type":"Point","coordinates":[-122.410629,37.764359]},"properties":{"osm_id":11556204930}},{"type":"Feature","geometry":{"type":"Point","coordinates":[-122.407847,37.767195]},"properties":{"osm_id":11556204935}},{"type":"Feature","geometry":{"type":"Point","coordinates":[-122.407841,37.766966]},"properties":{"osm_id":11556204936}},{"type":"Feature","geometry":{"type":"Point","coordinates":[-122.411522,37.764308]},"properties":{"osm_id":11556270987}},{"type":"Feature","geometry":{"type":"Point","coordinates":[-122.41218,37.764267]},"properties":{"osm_id":11556270988}},{"type":"Feature","geometry":{"type":"Point","coordinates":[-122.41247,37.764251]},"properties":{"osm_id":11556270989}},{"type":"Feature","geometry":{"type":"Point","coordinates":[-122.402437,37.754597]},"properties":{"osm_id":11559142407}},{"type":"Feature","geometry":{"type":"Point","coordinates":[-122.402701,37.754415]},"properties":{"osm_id":11559142408}},{"type":"Feature","geometry":{"type":"Point","coordinates":[-122.396855,37.767843]},"properties":{"osm_id":11590449575}},{"type":"Feature","geometry":{"type":"Point","coordinates":[-122.389556,37.773102]},"properties":{"osm_id":11590449576}},{"type":"Feature","geometry":{"type":"Point","coordinates":[-122.389388,37.771244]},"properties":{"osm_id":11590449580}},{"type":"Feature","geometry":{"type":"Point","coordinates":[-122.390254,37.766954]},"properties":{"osm_id":11590449588}},{"type":"Feature","geometry":{"type":"Point","coordinates":[-122.391148,37.766692]},"properties":{"osm_id":11590449595}},{"type":"Feature","geometry":{"type":"Point","coordinates":[-122.39106,37.766703]},"properties":{"osm_id":11590449596}},{"type":"Feature","geometry":{"type":"Point","coordinates":[-122.390949,37.766998]},"properties":{"osm_id":11590449598}},{"type":"Feature","geometry":{"type":"Point","coordinates":[-122.390951,37.767042]},"properties":{"osm_id":11590449604}},{"type":"Feature","geometry":{"type":"Point","coordinates":[-122.400784,37.771]},"properties":{"osm_id":11590449611}},{"type":"Feature","geometry":{"type":"Point","coordinates":[-122.398359,37.76904]},"properties":{"osm_id":11590449614}},{"type":"Feature","geometry":{"type":"Point","coordinates":[-122.397656,37.768478]},"properties":{"osm_id":11590449615}},{"type":"Feature","geometry":{"type":"Point","coordinates":[-122.397441,37.768315]},"properties":{"osm_id":11590449617}},{"type":"Feature","geometry":{"type":"Point","coordinates":[-122.392326,37.76687]},"properties":{"osm_id":11590449618}},{"type":"Feature","geometry":{"type":"Point","coordinates":[-122.396711,37.767719]},"properties":{"osm_id":11590449619}},{"type":"Feature","geometry":{"type":"Point","coordinates":[-122.38956,37.773125]},"properties":{"osm_id":11590449632}},{"type":"Feature","geometry":{"type":"Point","coordinates":[-122.391698,37.766663]},"properties":{"osm_id":11590449635}},{"type":"Feature","geometry":{"type":"Point","coordinates":[-122.372288,37.817146]},"properties":{"osm_id":11612507315}},{"type":"Feature","geometry":{"type":"Point","coordinates":[-122.371652,37.820101]},"properties":{"osm_id":11612507316}},{"type":"Feature","geometry":{"type":"Point","coordinates":[-122.3716,37.820023]},"properties":{"osm_id":11612507317}},{"type":"Feature","geometry":{"type":"Point","coordinates":[-122.365898,37.811329]},"properties":{"osm_id":11612507318}},{"type":"Feature","geometry":{"type":"Point","coordinates":[-122.370501,37.818361]},"properties":{"osm_id":11612507319}},{"type":"Feature","geometry":{"type":"Point","coordinates":[-122.369366,37.811516]},"properties":{"osm_id":11612507322}},{"type":"Feature","geometry":{"type":"Point","coordinates":[-122.368552,37.811184]},"properties":{"osm_id":11612507324}},{"type":"Feature","geometry":{"type":"Point","coordinates":[-122.367743,37.811075]},"properties":{"osm_id":11612507325}},{"type":"Feature","geometry":{"type":"Point","coordinates":[-122.366663,37.811065]},"properties":{"osm_id":11612507326}},{"type":"Feature","geometry":{"type":"Point","coordinates":[-122.370775,37.818768]},"properties":{"osm_id":11612507351}},{"type":"Feature","geometry":{"type":"Point","coordinates":[-122.364613,37.812848]},"properties":{"osm_id":11643281996}},{"type":"Feature","geometry":{"type":"Point","coordinates":[-122.494206,37.747931]},"properties":{"osm_id":11714811636}},{"type":"Feature","geometry":{"type":"Point","coordinates":[-122.404678,37.781609]},"properties":{"osm_id":11777394272}},{"type":"Feature","geometry":{"type":"Point","coordinates":[-122.404413,37.781189]},"properties":{"osm_id":11777394275}},{"type":"Feature","geometry":{"type":"Point","coordinates":[-122.403929,37.780815]},"properties":{"osm_id":11777394278}},{"type":"Feature","geometry":{"type":"Point","coordinates":[-122.40361,37.780243]},"properties":{"osm_id":11777394280}},{"type":"Feature","geometry":{"type":"Point","coordinates":[-122.404285,37.779712]},"properties":{"osm_id":11777394284}},{"type":"Feature","geometry":{"type":"Point","coordinates":[-122.406301,37.778099]},"properties":{"osm_id":11777394292}},{"type":"Feature","geometry":{"type":"Point","coordinates":[-122.43072,37.79777]},"properties":{"osm_id":11838965957}},{"type":"Feature","geometry":{"type":"Point","coordinates":[-122.430626,37.797614]},"properties":{"osm_id":11838965961}},{"type":"Feature","geometry":{"type":"Point","coordinates":[-122.388297,37.775815]},"properties":{"osm_id":11976847192}},{"type":"Feature","geometry":{"type":"Point","coordinates":[-122.472879,37.77878]},"properties":{"osm_id":11989193375}},{"type":"Feature","geometry":{"type":"Point","coordinates":[-122.393037,37.794542]},"properties":{"osm_id":12001976869}},{"type":"Feature","geometry":{"type":"Point","coordinates":[-122.388236,37.775045]},"properties":{"osm_id":12152934869}},{"type":"Feature","geometry":{"type":"Point","coordinates":[-122.388942,37.774983]},"properties":{"osm_id":12152934874}},{"type":"Feature","geometry":{"type":"Point","coordinates":[-122.421391,37.802803]},"properties":{"osm_id":12247081466}},{"type":"Feature","geometry":{"type":"Point","coordinates":[-122.420465,37.798119]},"properties":{"osm_id":12247086037}},{"type":"Feature","geometry":{"type":"Point","coordinates":[-122.402222,37.78623]},"properties":{"osm_id":12250822443}},{"type":"Feature","geometry":{"type":"Point","coordinates":[-122.400445,37.785154]},"properties":{"osm_id":12250822444}},{"type":"Feature","geometry":{"type":"Point","coordinates":[-122.400327,37.785016]},"properties":{"osm_id":12250840329}},{"type":"Feature","geometry":{"type":"Point","coordinates":[-122.396871,37.790517]},"properties":{"osm_id":12250974494}},{"type":"Feature","geometry":{"type":"Point","coordinates":[-122.396505,37.790514]},"properties":{"osm_id":12250974566}},{"type":"Feature","geometry":{"type":"Point","coordinates":[-122.398308,37.789106]},"properties":{"osm_id":12250979379}},{"type":"Feature","geometry":{"type":"Point","coordinates":[-122.397419,37.789807]},"properties":{"osm_id":12251005849}},{"type":"Feature","geometry":{"type":"Point","coordinates":[-122.399745,37.787857]},"properties":{"osm_id":12251019067}},{"type":"Feature","geometry":{"type":"Point","coordinates":[-122.404906,37.785135]},"properties":{"osm_id":12251536454}},{"type":"Feature","geometry":{"type":"Point","coordinates":[-122.474103,37.784456]},"properties":{"osm_id":12256488118}},{"type":"Feature","geometry":{"type":"Point","coordinates":[-122.475235,37.78441]},"properties":{"osm_id":12256499511}},{"type":"Feature","geometry":{"type":"Point","coordinates":[-122.49779,37.753405]},"properties":{"osm_id":12329650890}},{"type":"Feature","geometry":{"type":"Point","coordinates":[-122.434257,37.790585]},"properties":{"osm_id":12351957743}},{"type":"Feature","geometry":{"type":"Point","coordinates":[-122.434085,37.790793]},"properties":{"osm_id":12351957746}},{"type":"Feature","geometry":{"type":"Point","coordinates":[-122.434211,37.791455]},"properties":{"osm_id":12351957750}},{"type":"Feature","geometry":{"type":"Point","coordinates":[-122.468975,37.705242]},"properties":{"osm_id":12360048032}},{"type":"Feature","geometry":{"type":"Point","coordinates":[-122.494143,37.777817]},"properties":{"osm_id":12387412641}},{"type":"Feature","geometry":{"type":"Point","coordinates":[-122.498421,37.77762]},"properties":{"osm_id":12387417639}},{"type":"Feature","geometry":{"type":"Point","coordinates":[-122.50162,37.77748]},"properties":{"osm_id":12387419913}},{"type":"Feature","geometry":{"type":"Point","coordinates":[-122.499484,37.777571]},"properties":{"osm_id":12387421692}},{"type":"Feature","geometry":{"type":"Point","coordinates":[-122.495464,37.777752]},"properties":{"osm_id":12387424788}},{"type":"Feature","geometry":{"type":"Point","coordinates":[-122.481115,37.776522]},"properties":{"osm_id":12403007509}},{"type":"Feature","geometry":{"type":"Point","coordinates":[-122.480123,37.77662]},"properties":{"osm_id":12403013016}},{"type":"Feature","geometry":{"type":"Point","coordinates":[-122.385746,37.770215]},"properties":{"osm_id":12403623027}},{"type":"Feature","geometry":{"type":"Point","coordinates":[-122.440902,37.782158]},"properties":{"osm_id":12405769831}},{"type":"Feature","geometry":{"type":"Point","coordinates":[-122.472597,37.775051]},"properties":{"osm_id":12439962121}},{"type":"Feature","geometry":{"type":"Point","coordinates":[-122.410946,37.791747]},"properties":{"osm_id":12454295446}},{"type":"Feature","geometry":{"type":"Point","coordinates":[-122.39231,37.788841]},"properties":{"osm_id":12455786590}},{"type":"Feature","geometry":{"type":"Point","coordinates":[-122.392589,37.788619]},"properties":{"osm_id":12455786591}},{"type":"Feature","geometry":{"type":"Point","coordinates":[-122.391301,37.7876]},"properties":{"osm_id":12455807047}},{"type":"Feature","geometry":{"type":"Point","coordinates":[-122.391792,37.789274]},"properties":{"osm_id":12455807070}},{"type":"Feature","geometry":{"type":"Point","coordinates":[-122.452006,37.756709]},"properties":{"osm_id":12456424452}},{"type":"Feature","geometry":{"type":"Point","coordinates":[-122.505339,37.753114]},"properties":{"osm_id":12459532227}},{"type":"Feature","geometry":{"type":"Point","coordinates":[-122.420176,37.78053]},"properties":{"osm_id":12461953398}},{"type":"Feature","geometry":{"type":"Point","coordinates":[-122.420254,37.78095]},"properties":{"osm_id":12461953399}},{"type":"Feature","geometry":{"type":"Point","coordinates":[-122.420043,37.780195]},"properties":{"osm_id":12461959901}},{"type":"Feature","geometry":{"type":"Point","coordinates":[-122.419998,37.779984]},"properties":{"osm_id":12461959902}},{"type":"Feature","geometry":{"type":"Point","coordinates":[-122.483004,37.772704]},"properties":{"osm_id":12468095820}},{"type":"Feature","geometry":{"type":"Point","coordinates":[-122.465891,37.775355]},"properties":{"osm_id":12470319256}},{"type":"Feature","geometry":{"type":"Point","coordinates":[-122.453049,37.767211]},"properties":{"osm_id":12485833173}},{"type":"Feature","geometry":{"type":"Point","coordinates":[-122.47968,37.756008]},"properties":{"osm_id":12593875496}},{"type":"Feature","geometry":{"type":"Point","coordinates":[-122.479817,37.757877]},"properties":{"osm_id":12593875497}},{"type":"Feature","geometry":{"type":"Point","coordinates":[-122.479892,37.75976]},"properties":{"osm_id":12593875498}},{"type":"Feature","geometry":{"type":"Point","coordinates":[-122.480406,37.761655]},"properties":{"osm_id":12593875499}},{"type":"Feature","geometry":{"type":"Point","coordinates":[-122.480313,37.765217]},"properties":{"osm_id":12593875500}},{"type":"Feature","geometry":{"type":"Point","coordinates":[-122.478263,37.765289]},"properties":{"osm_id":12593935201}},{"type":"Feature","geometry":{"type":"Point","coordinates":[-122.476162,37.765372]},"properties":{"osm_id":12593935202}},{"type":"Feature","geometry":{"type":"Point","coordinates":[-122.470599,37.765661]},"properties":{"osm_id":12593935203}},{"type":"Feature","geometry":{"type":"Point","coordinates":[-122.466388,37.765803]},"properties":{"osm_id":12593935204}},{"type":"Feature","geometry":{"type":"Point","coordinates":[-122.46103,37.766038]},"properties":{"osm_id":12593935205}},{"type":"Feature","geometry":{"type":"Point","coordinates":[-122.45908,37.766147]},"properties":{"osm_id":12593935206}},{"type":"Feature","geometry":{"type":"Point","coordinates":[-122.448555,37.769913]},"properties":{"osm_id":12593948829}},{"type":"Feature","geometry":{"type":"Point","coordinates":[-122.448741,37.769859]},"properties":{"osm_id":12593948830}},{"type":"Feature","geometry":{"type":"Point","coordinates":[-122.448518,37.769729]},"properties":{"osm_id":12593948831}},{"type":"Feature","geometry":{"type":"Point","coordinates":[-122.448678,37.770808]},"properties":{"osm_id":12598801677}},{"type":"Feature","geometry":{"type":"Point","coordinates":[-122.448734,37.77084]},"properties":{"osm_id":12598801678}},{"type":"Feature","geometry":{"type":"Point","coordinates":[-122.48414,37.789675]},"properties":{"osm_id":12605588117}},{"type":"Feature","geometry":{"type":"Point","coordinates":[-122.487393,37.774225]},"properties":{"osm_id":12621483727}},{"type":"Feature","geometry":{"type":"Point","coordinates":[-122.47221,37.755289]},"properties":{"osm_id":12627052387}},{"type":"Feature","geometry":{"type":"Point","coordinates":[-122.470189,37.775009]},"properties":{"osm_id":12631781129}},{"type":"Feature","geometry":{"type":"Point","coordinates":[-122.470167,37.77516]},"properties":{"osm_id":12631781142}},{"type":"Feature","geometry":{"type":"Point","coordinates":[-122.413541,37.773494]},"properties":{"osm_id":12648615798}},{"type":"Feature","geometry":{"type":"Point","coordinates":[-122.414202,37.774024]},"properties":{"osm_id":12648695236}},{"type":"Feature","geometry":{"type":"Point","coordinates":[-122.414195,37.774086]},"properties":{"osm_id":12648695237}},{"type":"Feature","geometry":{"type":"Point","coordinates":[-122.413035,37.772803]},"properties":{"osm_id":12648753925}},{"type":"Feature","geometry":{"type":"Point","coordinates":[-122.412808,37.772983]},"properties":{"osm_id":12648753926}},{"type":"Feature","geometry":{"type":"Point","coordinates":[-122.411897,37.772183]},"properties":{"osm_id":12648753931}},{"type":"Feature","geometry":{"type":"Point","coordinates":[-122.414359,37.774199]},"properties":{"osm_id":12648753947}},{"type":"Feature","geometry":{"type":"Point","coordinates":[-122.411326,37.771436]},"properties":{"osm_id":12655205486}},{"type":"Feature","geometry":{"type":"Point","coordinates":[-122.410455,37.771036]},"properties":{"osm_id":12655205487}},{"type":"Feature","geometry":{"type":"Point","coordinates":[-122.414999,37.772505]},"properties":{"osm_id":12655209913}},{"type":"Feature","geometry":{"type":"Point","coordinates":[-122.414236,37.771858]},"properties":{"osm_id":12655209917}},{"type":"Feature","geometry":{"type":"Point","coordinates":[-122.472335,37.759148]},"properties":{"osm_id":12666190267}},{"type":"Feature","geometry":{"type":"Point","coordinates":[-122.412512,37.774592]},"properties":{"osm_id":12672407226}},{"type":"Feature","geometry":{"type":"Point","coordinates":[-122.41314,37.775164]},"properties":{"osm_id":12672407227}},{"type":"Feature","geometry":{"type":"Point","coordinates":[-122.413385,37.77497]},"properties":{"osm_id":12672407228}},{"type":"Feature","geometry":{"type":"Point","coordinates":[-122.471861,37.782739]},"properties":{"osm_id":12685929345}},{"type":"Feature","geometry":{"type":"Point","coordinates":[-122.46972,37.782859]},"properties":{"osm_id":12685979574}},{"type":"Feature","geometry":{"type":"Point","coordinates":[-122.461004,37.762516]},"properties":{"osm_id":12703334857}},{"type":"Feature","geometry":{"type":"Point","coordinates":[-122.457967,37.763411]},"properties":{"osm_id":12703349411}},{"type":"Feature","geometry":{"type":"Point","coordinates":[-122.454168,37.764215]},"properties":{"osm_id":12703349412}},{"type":"Feature","geometry":{"type":"Point","coordinates":[-122.452491,37.764413]},"properties":{"osm_id":12703349413}},{"type":"Feature","geometry":{"type":"Point","coordinates":[-122.45111,37.764659]},"properties":{"osm_id":12703349414}},{"type":"Feature","geometry":{"type":"Point","coordinates":[-122.449859,37.764755]},"properties":{"osm_id":12703349415}},{"type":"Feature","geometry":{"type":"Point","coordinates":[-122.450147,37.765839]},"properties":{"osm_id":12703349417}},{"type":"Feature","geometry":{"type":"Point","coordinates":[-122.450109,37.76686]},"properties":{"osm_id":12703349418}},{"type":"Feature","geometry":{"type":"Point","coordinates":[-122.450062,37.766628]},"properties":{"osm_id":12703349419}},{"type":"Feature","geometry":{"type":"Point","coordinates":[-122.450436,37.768467]},"properties":{"osm_id":12703349420}},{"type":"Feature","geometry":{"type":"Point","coordinates":[-122.446878,37.769901]},"properties":{"osm_id":12703349421}},{"type":"Feature","geometry":{"type":"Point","coordinates":[-122.445464,37.770079]},"properties":{"osm_id":12703349422}},{"type":"Feature","geometry":{"type":"Point","coordinates":[-122.445537,37.772026]},"properties":{"osm_id":12703349424}},{"type":"Feature","geometry":{"type":"Point","coordinates":[-122.386295,37.767547]},"properties":{"osm_id":12710796138}},{"type":"Feature","geometry":{"type":"Point","coordinates":[-122.386273,37.767316]},"properties":{"osm_id":12710796185}},{"type":"Feature","geometry":{"type":"Point","coordinates":[-122.365984,37.810393]},"properties":{"osm_id":12739815894}},{"type":"Feature","geometry":{"type":"Point","coordinates":[-122.473794,37.7638]},"properties":{"osm_id":12745805057}},{"type":"Feature","geometry":{"type":"Point","coordinates":[-122.4664,37.763931]},"properties":{"osm_id":12745908435}},{"type":"Feature","geometry":{"type":"Point","coordinates":[-122.475301,37.79292]},"properties":{"osm_id":12760760398}},{"type":"Feature","geometry":{"type":"Point","coordinates":[-122.479302,37.765256]},"properties":{"osm_id":12762976661}},{"type":"Feature","geometry":{"type":"Point","coordinates":[-122.477204,37.765383]},"properties":{"osm_id":12762976662}},{"type":"Feature","geometry":{"type":"Point","coordinates":[-122.473902,37.765508]},"properties":{"osm_id":12762976663}},{"type":"Feature","geometry":{"type":"Point","coordinates":[-122.472804,37.765567]},"properties":{"osm_id":12762976664}},{"type":"Feature","geometry":{"type":"Point","coordinates":[-122.471669,37.765612]},"properties":{"osm_id":12762976665}},{"type":"Feature","geometry":{"type":"Point","coordinates":[-122.468528,37.765692]},"properties":{"osm_id":12762976666}},{"type":"Feature","geometry":{"type":"Point","coordinates":[-122.466375,37.765783]},"properties":{"osm_id":12762976667}},{"type":"Feature","geometry":{"type":"Point","coordinates":[-122.465263,37.765887]},"properties":{"osm_id":12762976668}},{"type":"Feature","geometry":{"type":"Point","coordinates":[-122.464226,37.765886]},"properties":{"osm_id":12762976669}},{"type":"Feature","geometry":{"type":"Point","coordinates":[-122.463164,37.765924]},"properties":{"osm_id":12762976671}},{"type":"Feature","geometry":{"type":"Point","coordinates":[-122.455467,37.765997]},"properties":{"osm_id":12762976672}},{"type":"Feature","geometry":{"type":"Point","coordinates":[-122.452916,37.766497]},"properties":{"osm_id":12762976673}},{"type":"Feature","geometry":{"type":"Point","coordinates":[-122.453237,37.768148]},"properties":{"osm_id":12762976674}},{"type":"Feature","geometry":{"type":"Point","coordinates":[-122.508884,37.758497]},"properties":{"osm_id":12763385870}},{"type":"Feature","geometry":{"type":"Point","coordinates":[-122.509761,37.771484]},"properties":{"osm_id":12763385880}},{"type":"Feature","geometry":{"type":"Point","coordinates":[-122.482655,37.782005]},"properties":{"osm_id":12769361897}},{"type":"Feature","geometry":{"type":"Point","coordinates":[-122.482668,37.782239]},"properties":{"osm_id":12769361899}},{"type":"Feature","geometry":{"type":"Point","coordinates":[-122.424531,37.742291]},"properties":{"osm_id":12771161995}},{"type":"Feature","geometry":{"type":"Point","coordinates":[-122.466773,37.770343]},"properties":{"osm_id":12780100034}},{"type":"Feature","geometry":{"type":"Point","coordinates":[-122.470715,37.782747]},"properties":{"osm_id":12803280427}},{"type":"Feature","geometry":{"type":"Point","coordinates":[-122.478224,37.780211]},"properties":{"osm_id":12812402233}},{"type":"Feature","geometry":{"type":"Point","coordinates":[-122.483575,37.761465]},"properties":{"osm_id":12854577355}},{"type":"Feature","geometry":{"type":"Point","coordinates":[-122.45142,37.800134]},"properties":{"osm_id":12859825261}},{"type":"Feature","geometry":{"type":"Point","coordinates":[-122.44937,37.799402]},"properties":{"osm_id":12859825277}},{"type":"Feature","geometry":{"type":"Point","coordinates":[-122.434905,37.73382]},"properties":{"osm_id":12861453073}},{"type":"Feature","geometry":{"type":"Point","coordinates":[-122.47692,37.761845]},"properties":{"osm_id":12898313712}},{"type":"Feature","geometry":{"type":"Point","coordinates":[-122.476871,37.761589]},"properties":{"osm_id":12898313726}},{"type":"Feature","geometry":{"type":"Point","coordinates":[-122.477237,37.761779]},"properties":{"osm_id":12898313746}},{"type":"Feature","geometry":{"type":"Point","coordinates":[-122.481456,37.780064]},"properties":{"osm_id":12908413995}},{"type":"Feature","geometry":{"type":"Point","coordinates":[-122.48142,37.780394]},"properties":{"osm_id":12908413996}},{"type":"Feature","geometry":{"type":"Point","coordinates":[-122.468026,37.803573]},"properties":{"osm_id":12908540321}},{"type":"Feature","geometry":{"type":"Point","coordinates":[-122.466868,37.803671]},"properties":{"osm_id":12908540323}},{"type":"Feature","geometry":{"type":"Point","coordinates":[-122.473625,37.761755]},"properties":{"osm_id":12953048236}},{"type":"Feature","geometry":{"type":"Point","coordinates":[-122.49828,37.771899]},"properties":{"osm_id":13027154351}},{"type":"Feature","geometry":{"type":"Point","coordinates":[-122.497976,37.771996]},"properties":{"osm_id":13027154352}},{"type":"Feature","geometry":{"type":"Point","coordinates":[-122.49932,37.771816]},"properties":{"osm_id":13027154353}},{"type":"Feature","geometry":{"type":"Point","coordinates":[-122.499043,37.771946]},"properties":{"osm_id":13027154354}},{"type":"Feature","geometry":{"type":"Point","coordinates":[-122.50041,37.771771]},"properties":{"osm_id":13027154355}},{"type":"Feature","geometry":{"type":"Point","coordinates":[-122.501187,37.771846]},"properties":{"osm_id":13027154356}},{"type":"Feature","geometry":{"type":"Point","coordinates":[-122.501473,37.771749]},"properties":{"osm_id":13027154357}},{"type":"Feature","geometry":{"type":"Point","coordinates":[-122.502555,37.771702]},"properties":{"osm_id":13027272592}},{"type":"Feature","geometry":{"type":"Point","coordinates":[-122.502268,37.771782]},"properties":{"osm_id":13027272593}},{"type":"Feature","geometry":{"type":"Point","coordinates":[-122.504683,37.771601]},"properties":{"osm_id":13027272594}},{"type":"Feature","geometry":{"type":"Point","coordinates":[-122.504407,37.771729]},"properties":{"osm_id":13027272595}},{"type":"Feature","geometry":{"type":"Point","coordinates":[-122.505753,37.771552]},"properties":{"osm_id":13027272596}},{"type":"Feature","geometry":{"type":"Point","coordinates":[-122.505473,37.771636]},"properties":{"osm_id":13027272597}},{"type":"Feature","geometry":{"type":"Point","coordinates":[-122.507918,37.771453]},"properties":{"osm_id":13027272598}},{"type":"Feature","geometry":{"type":"Point","coordinates":[-122.507638,37.771579]},"properties":{"osm_id":13027272599}},{"type":"Feature","geometry":{"type":"Point","coordinates":[-122.486051,37.753926]},"properties":{"osm_id":13064143217}},{"type":"Feature","geometry":{"type":"Point","coordinates":[-122.484976,37.753979]},"properties":{"osm_id":13064143218}},{"type":"Feature","geometry":{"type":"Point","coordinates":[-122.482865,37.753823]},"properties":{"osm_id":13064143219}},{"type":"Feature","geometry":{"type":"Point","coordinates":[-122.447315,37.771004]},"properties":{"osm_id":13064205031}},{"type":"Feature","geometry":{"type":"Point","coordinates":[-122.447383,37.771753]},"properties":{"osm_id":13064205032}},{"type":"Feature","geometry":{"type":"Point","coordinates":[-122.426103,37.75994]},"properties":{"osm_id":13083732756}},{"type":"Feature","geometry":{"type":"Point","coordinates":[-122.46568,37.747433]},"properties":{"osm_id":13113294421}},{"type":"Feature","geometry":{"type":"Point","coordinates":[-122.438374,37.785385]},"properties":{"osm_id":13121904500}},{"type":"Feature","geometry":{"type":"Point","coordinates":[-122.436427,37.785646]},"properties":{"osm_id":13121923501}},{"type":"Feature","geometry":{"type":"Point","coordinates":[-122.458005,37.76601]},"properties":{"osm_id":13151968967}},{"type":"Feature","geometry":{"type":"Point","coordinates":[-122.454461,37.766133]},"properties":{"osm_id":13151968968}},{"type":"Feature","geometry":{"type":"Point","coordinates":[-122.453467,37.769074]},"properties":{"osm_id":13151968970}},{"type":"Feature","geometry":{"type":"Point","coordinates":[-122.450751,37.769425]},"properties":{"osm_id":13151968971}},{"type":"Feature","geometry":{"type":"Point","coordinates":[-122.467451,37.765734]},"properties":{"osm_id":13163212600}},{"type":"Feature","geometry":{"type":"Point","coordinates":[-122.459771,37.773084]},"properties":{"osm_id":13166931549}},{"type":"Feature","geometry":{"type":"Point","coordinates":[-122.47619,37.720115]},"properties":{"osm_id":13203650860}},{"type":"Feature","geometry":{"type":"Point","coordinates":[-122.477114,37.720687]},"properties":{"osm_id":13203650863}},{"type":"Feature","geometry":{"type":"Point","coordinates":[-122.407824,37.793252]},"properties":{"osm_id":13261610397}},{"type":"Feature","geometry":{"type":"Point","coordinates":[-122.409489,37.793964]},"properties":{"osm_id":13278486168}},{"type":"Feature","geometry":{"type":"Point","coordinates":[-122.406816,37.794273]},"properties":{"osm_id":13295227567}},{"type":"Feature","geometry":{"type":"Point","coordinates":[-122.452159,37.770191]},"properties":{"osm_id":13384397996}},{"type":"Feature","geometry":{"type":"Point","coordinates":[-122.452169,37.771151]},"properties":{"osm_id":13385793299}},{"type":"Feature","geometry":{"type":"Point","coordinates":[-122.452334,37.771129]},"properties":{"osm_id":13385793300}},{"type":"Feature","geometry":{"type":"Point","coordinates":[-122.454159,37.772992]},"properties":{"osm_id":13459701253}},{"type":"Feature","geometry":{"type":"Point","coordinates":[-122.452713,37.773217]},"properties":{"osm_id":13459701257}},{"type":"Feature","geometry":{"type":"Point","coordinates":[-122.452588,37.77323]},"properties":{"osm_id":13459701259}},{"type":"Feature","geometry":{"type":"Point","coordinates":[-122.450908,37.773237]},"properties":{"osm_id":13459701262}},{"type":"Feature","geometry":{"type":"Point","coordinates":[-122.449227,37.773419]},"properties":{"osm_id":13459701265}},{"type":"Feature","geometry":{"type":"Point","coordinates":[-122.449204,37.773594]},"properties":{"osm_id":13459701268}},{"type":"Feature","geometry":{"type":"Point","coordinates":[-122.44758,37.773798]},"properties":{"osm_id":13459701280}},{"type":"Feature","geometry":{"type":"Point","coordinates":[-122.447736,37.773642]},"properties":{"osm_id":13459701281}},{"type":"Feature","geometry":{"type":"Point","coordinates":[-122.449301,37.773641]},"properties":{"osm_id":13459701286}},{"type":"Feature","geometry":{"type":"Point","coordinates":[-122.414252,37.791345]},"properties":{"osm_id":13635237335}},{"type":"Feature","geometry":{"type":"Point","coordinates":[-122.41564,37.791167]},"properties":{"osm_id":13635247768}},{"type":"Feature","geometry":{"type":"Point","coordinates":[-122.415684,37.791114]},"properties":{"osm_id":13635252143}},{"type":"Feature","geometry":{"type":"Point","coordinates":[-122.414203,37.791533]},"properties":{"osm_id":13635252754}},{"type":"Feature","geometry":{"type":"Point","coordinates":[-122.447737,37.781207]},"properties":{"osm_id":13704529593}},{"type":"Feature","geometry":{"type":"Point","coordinates":[-122.393058,37.782499]},"properties":{"osm_id":13765490822}},{"type":"Feature","geometry":{"type":"Point","coordinates":[-122.420477,37.752167]},"properties":{"osm_id":13815924173}}]}